code,ir_bo,ir_rd,p_value,params
000155.XSHE,-0.5495882549677065,0.1403503742808392,0.846,"{'A1': 2.770157843063934, 'A2': 35.58780634133013, 'A3': 91.10046543387429, 'y1': 0.12204640489804763, 'y2': -0.0949307368693454}"
000099.XSHE,-1.9483367418063733,0.180460175342027,1.0,"{'A1': 30.0, 'A2': 60.0, 'A3': 150.0, 'y1': 0.005, 'y2': -0.2}"
000151.XSHE,-0.8283017466725672,0.6991730603638724,0.991,"{'A1': 7.2742126786708985, 'A2': 40.99981509486247, 'A3': 88.86620024923387, 'y1': 0.3, 'y2': -0.2}"
000096.XSHE,-1.0949622870119098,0.1855736395304802,0.967,"{'A1': 7.015355785324938, 'A2': 34.1213684232026, 'A3': 139.55653614860165, 'y1': 0.006735746583387315, 'y2': -0.053963146001433315}"
000158.XSHE,-0.47039163115577715,0.12498706278684674,0.733,"{'A1': 7.015355785324938, 'A2': 34.1213684232026, 'A3': 139.55653614860165, 'y1': 0.006735746583387315, 'y2': -0.053963146001433315}"
000090.XSHE,-0.46908132099912125,0.47848131153019685,0.929,"{'A1': 11.537943283301594, 'A2': 45.968973287379384, 'A3': 62.762752072378014, 'y1': 0.04442354689011906, 'y2': -0.18795307334949626}"
600720.XSHG,-0.13997412794830744,0.0,1.0,"{'A1': 30.0, 'A2': 60.0, 'A3': 102.16617047797894, 'y1': 0.005, 'y2': -0.005}"
600723.XSHG,-0.6520840891660369,0.330438031908742,0.916,"{'A1': 7.458412331542849, 'A2': 30.690265991385633, 'A3': 88.91836080940791, 'y1': 0.005, 'y2': -0.2}"
000972.XSHE,1.7989987265604215,0.14397609984707874,0.0,"{'A1': 16.041376602309356, 'A2': 30.0, 'A3': 88.69110661751118, 'y1': 0.005, 'y2': -0.2}"
600725.XSHG,2.1814363820416527,0.17767866452186126,0.0,"{'A1': 30.0, 'A2': 30.0, 'A3': 60.0, 'y1': 0.3, 'y2': -0.2}"
600724.XSHG,-1.2358286467167654,0.0,1.0,"{'A1': 20.58512728708317, 'A2': 55.28204800910316, 'A3': 125.96296380216653, 'y1': 0.3, 'y2': -0.005}"
600727.XSHG,0.0,0.0,0.0,"{'A1': 28.83074385690081, 'A2': 30.6599722858458, 'A3': 79.58649997769552, 'y1': 0.07368109450472908, 'y2': -0.1528451544956122}"
600726.XSHG,1.9018658041780252,0.0,0.0,"{'A1': 11.62770066316302, 'A2': 41.068053641287854, 'A3': 78.6422906250168, 'y1': 0.005, 'y2': -0.2}"
600729.XSHG,0.3991337908171699,0.9027649795194829,0.794,"{'A1': 2.770157843063934, 'A2': 35.58780634133013, 'A3': 91.10046543387429, 'y1': 0.12204640489804763, 'y2': -0.0949307368693454}"
600317.XSHG,-1.6375925449929567,0.09254286650909267,0.999,"{'A1': 7.015355785324938, 'A2': 34.1213684232026, 'A3': 139.55653614860165, 'y1': 0.006735746583387315, 'y2': -0.053963146001433315}"
600251.XSHG,0.5084363378962543,0.12881518635790815,0.292,"{'A1': 11.537943283301594, 'A2': 45.968973287379384, 'A3': 62.762752072378014, 'y1': 0.04442354689011906, 'y2': -0.18795307334949626}"
600319.XSHG,2.1249805513601823,0.130603903999961,0.0,"{'A1': 12.559508599997809, 'A2': 51.34388665789196, 'A3': 62.251548649426596, 'y1': 0.0061607419856658146, 'y2': -0.09276878968402143}"
002053.XSHE,-1.9884893351251274,0.10853483312507933,0.999,"{'A1': 7.015355785324938, 'A2': 34.1213684232026, 'A3': 139.55653614860165, 'y1': 0.006735746583387315, 'y2': -0.053963146001433315}"
002052.XSHE,0.0,0.0,0.0,"{'A1': 30.0, 'A2': 30.0, 'A3': 60.0, 'y1': 0.005, 'y2': -0.005}"
002051.XSHE,2.687234765044651,0.9247877652980808,0.002,"{'A1': 18.980683762156094, 'A2': 38.11712105173513, 'A3': 150.0, 'y1': 0.3, 'y2': -0.2}"
002056.XSHE,0.07090011497202611,0.4391338053939312,0.704,"{'A1': 16.513318730495744, 'A2': 36.4215442231014, 'A3': 148.44000987777758, 'y1': 0.13077475739368438, 'y2': -0.03911546165540397}"
000830.XSHE,-0.6835222881633862,0.1631223278998151,0.888,"{'A1': 7.321151940426161, 'A2': 60.0, 'A3': 72.71404740194198, 'y1': 0.005, 'y2': -0.17828068981199988}"
002110.XSHE,-0.709532703048365,0.23927151896565987,0.922,"{'A1': 7.060086021490276, 'A2': 34.128795446110985, 'A3': 139.43996220257816, 'y1': 0.0719022378948469, 'y2': -0.026204311867996544}"
600789.XSHG,0.11644756245633144,0.6759705133487437,0.83,"{'A1': 7.262465479206333, 'A2': 60.0, 'A3': 76.56948298044337, 'y1': 0.3, 'y2': -0.2}"
002114.XSHE,0.002697744119843776,0.31791024653487737,0.672,"{'A1': 14.067465348430042, 'A2': 31.12960944373015, 'A3': 71.7201808788176, 'y1': 0.21317746058905815, 'y2': -0.10864526205559948}"
600152.XSHG,-0.2408041264220856,0.43246634126257516,0.835,"{'A1': 5.05951188702952, 'A2': 52.504190738066264, 'A3': 76.72507930701738, 'y1': 0.14953925311521554, 'y2': -0.06021335546666781}"
600156.XSHG,-1.1027539552224759,0.1378245327028979,0.962,"{'A1': 7.015355785324938, 'A2': 34.1213684232026, 'A3': 139.55653614860165, 'y1': 0.006735746583387315, 'y2': -0.053963146001433315}"
000627.XSHE,-1.8971157831430805,0.6005075734198508,1.0,"{'A1': 2.770157843063934, 'A2': 35.58780634133013, 'A3': 91.10046543387429, 'y1': 0.12204640489804763, 'y2': -0.0949307368693454}"
000028.XSHE,-0.6553745830437369,0.33799985319177633,0.932,"{'A1': 8.219229334415582, 'A2': 34.47106470635484, 'A3': 110.17910054714078, 'y1': 0.005, 'y2': -0.2}"
000029.XSHE,-1.235828604527464,0.0,1.0,"{'A1': 11.596110981590083, 'A2': 60.0, 'A3': 96.01103244215646, 'y1': 0.14992295458052132, 'y2': -0.005}"
600091.XSHG,1.5469815695646436,0.0,0.0,"{'A1': 9.861442444434694, 'A2': 45.40500538140041, 'A3': 150.0, 'y1': 0.005, 'y2': -0.005}"
600159.XSHG,-0.9222553634197832,0.36800480161653987,0.973,"{'A1': 30.0, 'A2': 31.78747049107044, 'A3': 98.14014864205402, 'y1': 0.005, 'y2': -0.2}"
600095.XSHG,2.042359734053155,0.29780716752250597,0.004,"{'A1': 22.24221149846652, 'A2': 45.49493814727358, 'A3': 104.0914211550502, 'y1': 0.3, 'y2': -0.005}"
600796.XSHG,-3.1291524900510566,0.19397438619327345,1.0,"{'A1': 29.700153603391826, 'A2': 31.601903715394936, 'A3': 112.49153187529248, 'y1': 0.007940467574381342, 'y2': -0.07119324562942445}"
600790.XSHG,2.6468707253004746,0.2691735041329907,0.0,"{'A1': 30.0, 'A2': 60.0, 'A3': 150.0, 'y1': 0.3, 'y2': -0.2}"
600654.XSHG,0.11899412471432702,0.44040788499468353,0.688,"{'A1': 2.228248341884701, 'A2': 34.07653855926273, 'A3': 90.91421066872624, 'y1': 0.13050076905124589, 'y2': -0.08982481092385616}"
600651.XSHG,0.34258154361249027,0.3331885484679902,0.505,"{'A1': 7.015355785324938, 'A2': 34.1213684232026, 'A3': 139.55653614860165, 'y1': 0.006735746583387315, 'y2': -0.053963146001433315}"
600650.XSHG,-0.4308019326193071,0.26520043454417735,0.857,"{'A1': 2.770157843063934, 'A2': 35.58780634133013, 'A3': 91.10046543387429, 'y1': 0.12204640489804763, 'y2': -0.0949307368693454}"
600652.XSHG,1.2358285706163177,0.0,0.0,"{'A1': 7.157291129708979, 'A2': 30.0, 'A3': 150.0, 'y1': 0.005, 'y2': -0.2}"
000532.XSHE,0.29101296478785926,0.14686609641645956,0.41,"{'A1': 11.537943283301594, 'A2': 45.968973287379384, 'A3': 62.762752072378014, 'y1': 0.04442354689011906, 'y2': -0.18795307334949626}"
000533.XSHE,-0.42167154164079446,0.4447134506145534,0.892,"{'A1': 29.933216819168482, 'A2': 40.55743688566298, 'A3': 108.8078404485972, 'y1': 0.06938139420188355, 'y2': -0.06926596539764532}"
000530.XSHE,-0.34579315488300066,0.3495580494849811,0.836,"{'A1': 30.0, 'A2': 60.0, 'A3': 137.38425954089658, 'y1': 0.10778896204660955, 'y2': -0.13665070667467055}"
000531.XSHE,-0.683800245703276,0.2793503457992354,0.909,"{'A1': 14.36616944201676, 'A2': 54.016853791702026, 'A3': 60.0, 'y1': 0.005, 'y2': -0.2}"
600071.XSHG,1.960358479020011,0.24584477893562304,0.0,"{'A1': 10.918074078704176, 'A2': 60.0, 'A3': 146.25699972466163, 'y1': 0.005, 'y2': -0.2}"
000537.XSHE,-0.41853416144004824,0.0,1.0,"{'A1': 10.276898267985759, 'A2': 30.0, 'A3': 78.64806348981314, 'y1': 0.005, 'y2': -0.005}"
600073.XSHG,0.6683160109034351,0.39890698754523646,0.364,"{'A1': 3.754295371622295, 'A2': 36.92272510007169, 'A3': 80.4192167420576, 'y1': 0.050771952534570834, 'y2': -0.07300276084274447}"
000520.XSHE,-0.9268195340712131,0.14236948337939412,0.942,"{'A1': 11.265555806292053, 'A2': 56.98947529177573, 'A3': 137.09983207906453, 'y1': 0.08312990393282645, 'y2': -0.13033633848459095}"
000926.XSHE,0.8761491244218722,0.15670742539721,0.191,"{'A1': 7.015355785324938, 'A2': 34.1213684232026, 'A3': 139.55653614860165, 'y1': 0.006735746583387315, 'y2': -0.053963146001433315}"
600079.XSHG,-0.4237074621488522,0.7174760936605165,0.946,"{'A1': 24.787983816499093, 'A2': 52.42203484033085, 'A3': 83.39216692968742, 'y1': 0.20074322554065788, 'y2': -0.07646989156454827}"
600078.XSHG,-0.8330406961241749,0.14776110478722754,0.934,"{'A1': 18.615360197807956, 'A2': 45.728438401983695, 'A3': 64.96941565817094, 'y1': 0.2824363861657162, 'y2': -0.1467980589728585}"
002027.XSHE,0.9282636375894318,0.10101959309556943,0.0,"{'A1': 7.015355785324938, 'A2': 34.1213684232026, 'A3': 139.55653614860165, 'y1': 0.006735746583387315, 'y2': -0.053963146001433315}"
002022.XSHE,-0.7463399630690442,0.045699025472397695,0.85,"{'A1': 16.513318730495744, 'A2': 36.4215442231014, 'A3': 148.44000987777758, 'y1': 0.13077475739368438, 'y2': -0.03911546165540397}"
600987.XSHG,0.20890736158986956,0.4947200686437095,0.673,"{'A1': 6.5090809078060206, 'A2': 31.436602524810773, 'A3': 86.99923944184144, 'y1': 0.036302850310404776, 'y2': -0.16930819995408325}"
600981.XSHG,-1.132247223140201,0.3273762662890129,0.982,"{'A1': 12.51066014107722, 'A2': 51.60973480326474, 'A3': 60.01029373356104, 'y1': 0.09418810892639273, 'y2': -0.17138260129066296}"
002028.XSHE,0.010399974085616133,0.26750145970354794,0.652,"{'A1': 2.770157843063934, 'A2': 35.58780634133013, 'A3': 91.10046543387429, 'y1': 0.12204640489804763, 'y2': -0.0949307368693454}"
600387.XSHG,1.059860314067075,0.2606890544945696,0.135,"{'A1': 11.842362978941534, 'A2': 38.93806844776613, 'A3': 89.51826782901573, 'y1': 0.005, 'y2': -0.2}"
600382.XSHG,-0.7651749256405082,0.3459794092581485,0.952,"{'A1': 12.51066014107722, 'A2': 51.60973480326474, 'A3': 60.01029373356104, 'y1': 0.09418810892639273, 'y2': -0.17138260129066296}"
000905.XSHE,-0.7191017074766194,0.20103433515558372,0.919,"{'A1': 12.51066014107722, 'A2': 51.60973480326474, 'A3': 60.01029373356104, 'y1': 0.09418810892639273, 'y2': -0.17138260129066296}"
600388.XSHG,1.7817408379435618,0.1841973852569801,0.003,"{'A1': 10.740139784703498, 'A2': 30.0, 'A3': 94.56561226389711, 'y1': 0.005, 'y2': -0.2}"
000910.XSHE,-0.017418138166189236,0.12727454224491988,0.571,"{'A1': 7.015355785324938, 'A2': 34.1213684232026, 'A3': 139.55653614860165, 'y1': 0.006735746583387315, 'y2': -0.053963146001433315}"
600573.XSHG,-1.2469759486647254,0.47296008377858245,0.997,"{'A1': 6.649997539787201, 'A2': 35.78460548267065, 'A3': 88.09234776477217, 'y1': 0.1531053772747773, 'y2': -0.08475986223917621}"
600360.XSHG,0.24900608586285417,0.3067561406437747,0.541,"{'A1': 5.824235648546366, 'A2': 47.58183239914967, 'A3': 60.0, 'y1': 0.005, 'y2': -0.2}"
600578.XSHG,1.7594210654337399,0.1845897146180114,0.008,"{'A1': 7.015355785324938, 'A2': 34.1213684232026, 'A3': 139.55653614860165, 'y1': 0.006735746583387315, 'y2': -0.053963146001433315}"
000903.XSHE,1.900794792143409,0.09813331922712899,0.0,"{'A1': 13.79176332544042, 'A2': 60.0, 'A3': 100.52846087323033, 'y1': 0.005, 'y2': -0.2}"
600475.XSHG,-0.2463733311445628,0.2329166200159952,0.748,"{'A1': 12.51066014107722, 'A2': 51.60973480326474, 'A3': 60.01029373356104, 'y1': 0.09418810892639273, 'y2': -0.17138260129066296}"
600298.XSHG,0.896730417250299,1.0960831601856944,0.634,"{'A1': 30.0, 'A2': 60.0, 'A3': 150.0, 'y1': 0.3, 'y2': -0.2}"
600206.XSHG,0.1345376895869846,0.28210654223942844,0.577,"{'A1': 12.51066014107722, 'A2': 51.60973480326474, 'A3': 60.01029373356104, 'y1': 0.09418810892639273, 'y2': -0.17138260129066296}"
600202.XSHG,1.8944486265111744,0.14063884373344349,0.004,"{'A1': 22.085364098321122, 'A2': 50.71381009492539, 'A3': 68.62780058870018, 'y1': 0.20401428363512286, 'y2': -0.0728840697325786}"
600420.XSHG,-0.514886675060006,0.2925759005715997,0.878,"{'A1': 7.015355785324938, 'A2': 34.1213684232026, 'A3': 139.55653614860165, 'y1': 0.006735746583387315, 'y2': -0.053963146001433315}"
600201.XSHG,2.689693428282285,0.0,0.0,"{'A1': 16.99880755938301, 'A2': 60.0, 'A3': 134.63015871810782, 'y1': 0.005, 'y2': -0.2}"
000990.XSHE,-0.034430760048023444,0.25716740989814035,0.665,"{'A1': 30.0, 'A2': 60.0, 'A3': 150.0, 'y1': 0.3, 'y2': -0.2}"
600367.XSHG,-1.9028782305810032,0.3728647604949575,1.0,"{'A1': 11.654326207281999, 'A2': 57.772566179297044, 'A3': 136.389046218571, 'y1': 0.17802751476676776, 'y2': -0.15721962992550037}"
000997.XSHE,2.0835346476598655,0.30857644902115844,0.001,"{'A1': 16.844252730710316, 'A2': 30.0, 'A3': 110.20292146553943, 'y1': 0.3, 'y2': -0.005}"
000998.XSHE,-0.02240880831166297,0.06133332471102564,0.565,"{'A1': 9.986751625631932, 'A2': 53.10540432564832, 'A3': 76.60831150097276, 'y1': 0.005, 'y2': -0.005}"
600897.XSHG,-2.0764473317232017,0.1342117407682527,1.0,"{'A1': 16.88222034751404, 'A2': 50.61856294656762, 'A3': 131.45382538828883, 'y1': 0.005, 'y2': -0.005}"
600896.XSHG,1.3032949502253246,0.07658291132891908,0.0,"{'A1': 7.015355785324938, 'A2': 34.1213684232026, 'A3': 139.55653614860165, 'y1': 0.006735746583387315, 'y2': -0.053963146001433315}"
601008.XSHG,-0.9686918237733949,0.09188731737381335,0.938,"{'A1': 7.015355785324938, 'A2': 34.1213684232026, 'A3': 139.55653614860165, 'y1': 0.006735746583387315, 'y2': -0.053963146001433315}"
600358.XSHG,2.559018332151331,0.07865097119151224,0.0,"{'A1': 7.979056056724275, 'A2': 33.984638786090144, 'A3': 140.54143035556768, 'y1': 0.005, 'y2': -0.2}"
600894.XSHG,1.0878204692311164,0.33955541028422626,0.15,"{'A1': 19.973028808877242, 'A2': 45.75805190390831, 'A3': 97.92061230710107, 'y1': 0.17377518245402793, 'y2': -0.13689835307345116}"
601007.XSHG,1.5245787013918957,0.1163012257561113,0.0,"{'A1': 15.860380357901693, 'A2': 30.0, 'A3': 145.85087595292708, 'y1': 0.005, 'y2': -0.2}"
600290.XSHG,0.0,0.0,0.0,"{'A1': 12.426767759487925, 'A2': 60.0, 'A3': 104.33710909694709, 'y1': 0.005, 'y2': -0.2}"
600277.XSHG,-3.0531386983897724,0.24796006067421866,1.0,"{'A1': 30.0, 'A2': 52.63171738745686, 'A3': 120.58940081209794, 'y1': 0.005, 'y2': -0.2}"
600279.XSHG,0.2879515551094286,0.45257583773710847,0.606,"{'A1': 30.0, 'A2': 60.0, 'A3': 150.0, 'y1': 0.3, 'y2': -0.2}"
600278.XSHG,-2.1715912372674024,0.1523550941777778,1.0,"{'A1': 30.0, 'A2': 34.71598762257818, 'A3': 150.0, 'y1': 0.005, 'y2': -0.2}"
600855.XSHG,1.5882679849182193,0.0952470453519639,0.0,"{'A1': 30.0, 'A2': 60.0, 'A3': 106.95362112399935, 'y1': 0.005, 'y2': -0.2}"
000662.XSHE,0.5771946659595507,0.6201164886370306,0.533,"{'A1': 4.495625273283352, 'A2': 37.84812057047743, 'A3': 110.7909033334391, 'y1': 0.3, 'y2': -0.2}"
000666.XSHE,0.6071989909402189,0.5593504670525854,0.464,"{'A1': 12.51066014107722, 'A2': 51.60973480326474, 'A3': 60.01029373356104, 'y1': 0.09418810892639273, 'y2': -0.17138260129066296}"
000748.XSHE,-1.4551612972776726,0.16106868608335864,0.994,"{'A1': 6.799617471686176, 'A2': 51.99042862108014, 'A3': 76.94441715158193, 'y1': 0.005, 'y2': -0.2}"
000695.XSHE,1.7958453081484858,0.7878058718434328,0.051,"{'A1': 7.102757054506937, 'A2': 45.067863307705814, 'A3': 115.29737026036031, 'y1': 0.09928867844250407, 'y2': -0.2}"
000698.XSHE,-0.2731485810482356,0.40618868650842,0.836,"{'A1': 8.721866303823402, 'A2': 45.607827410349934, 'A3': 60.0, 'y1': 0.005, 'y2': -0.2}"
600581.XSHG,-0.8925451090754224,0.3797615085859315,0.966,"{'A1': 15.600207951358454, 'A2': 47.049393523707245, 'A3': 83.37620017509245, 'y1': 0.3, 'y2': -0.2}"
600580.XSHG,-0.6951848284948832,0.6937205116791766,0.984,"{'A1': 2.770157843063934, 'A2': 35.58780634133013, 'A3': 91.10046543387429, 'y1': 0.12204640489804763, 'y2': -0.0949307368693454}"
000066.XSHE,-0.05165414010017279,0.877484401274259,0.932,"{'A1': 11.654326207281999, 'A2': 57.772566179297044, 'A3': 136.389046218571, 'y1': 0.17802751476676776, 'y2': -0.15721962992550037}"
600584.XSHG,0.06958045748657164,0.8292209062323949,0.89,"{'A1': 11.654326207281999, 'A2': 57.772566179297044, 'A3': 136.389046218571, 'y1': 0.17802751476676776, 'y2': -0.15721962992550037}"
000062.XSHE,-0.12903641177154035,0.5327619930481501,0.864,"{'A1': 11.765255984739179, 'A2': 52.78351070242273, 'A3': 60.248438036986336, 'y1': 0.24926082230820945, 'y2': -0.11127328473118799}"
600586.XSHG,2.55681521483577,0.15255123318324126,0.0,"{'A1': 14.394399827763703, 'A2': 37.661134421717726, 'A3': 126.44808495235151, 'y1': 0.08052444852549116, 'y2': -0.005}"
600589.XSHG,0.6722665073613505,0.48320823374631866,0.384,"{'A1': 9.035225636921119, 'A2': 45.46417149384594, 'A3': 68.52029863849, 'y1': 0.3, 'y2': -0.005}"
600831.XSHG,-0.3101525634714015,0.4433214305249919,0.877,"{'A1': 2.4795973184128095, 'A2': 35.52337113381861, 'A3': 60.0, 'y1': 0.005, 'y2': -0.2}"
600618.XSHG,0.4780913086092297,0.397155834072369,0.469,"{'A1': 3.732885862206788, 'A2': 37.007776167715136, 'A3': 93.83670523681633, 'y1': 0.19204530841308617, 'y2': -0.1107999889131815}"
600750.XSHG,0.8016000688694351,0.41305214460556133,0.3,"{'A1': 14.067465348430042, 'A2': 31.12960944373015, 'A3': 71.7201808788176, 'y1': 0.21317746058905815, 'y2': -0.10864526205559948}"
600754.XSHG,-0.16425608622710478,0.15400270720770837,0.634,"{'A1': 30.0, 'A2': 30.0, 'A3': 60.0, 'y1': 0.3, 'y2': -0.005}"
600039.XSHG,-0.3948521884936932,0.11974394861636804,0.756,"{'A1': 10.16843007834017, 'A2': 52.121912959263284, 'A3': 60.19808585160896, 'y1': 0.09965867452274281, 'y2': -0.011448267274192958}"
600038.XSHG,0.8654953642619658,0.7690698252714783,0.422,"{'A1': 30.0, 'A2': 60.0, 'A3': 150.0, 'y1': 0.3, 'y2': -0.2}"
600035.XSHG,-2.3250219580705234,0.33942732751223637,1.0,"{'A1': 19.84021237445957, 'A2': 45.127421532276585, 'A3': 83.49652297179584, 'y1': 0.1885791523281409, 'y2': -0.12067203625395544}"
002069.XSHE,0.17316052880495514,0.39773882891928053,0.629,"{'A1': 13.269196713925453, 'A2': 53.75308693308375, 'A3': 60.138295895957484, 'y1': 0.07788572640145737, 'y2': -0.1253982323678095}"
600247.XSHG,-1.447271352411959,0.20364028264272568,0.996,"{'A1': 4.22528178273058, 'A2': 38.00516928338443, 'A3': 136.55859991356996, 'y1': 0.13745446832362407, 'y2': -0.0614537715218669}"
002064.XSHE,0.7134291423734413,0.3128603490487873,0.295,"{'A1': 7.060086021490276, 'A2': 34.128795446110985, 'A3': 139.43996220257816, 'y1': 0.0719022378948469, 'y2': -0.026204311867996544}"
600530.XSHG,0.7250376323206752,0.6856316132175496,0.492,"{'A1': 4.466134742930441, 'A2': 34.155809535194116, 'A3': 90.79509035564544, 'y1': 0.05705189713330484, 'y2': -0.15611301052003057}"
600531.XSHG,1.0378250927813486,0.13324337411124504,0.114,"{'A1': 7.015355785324938, 'A2': 34.1213684232026, 'A3': 139.55653614860165, 'y1': 0.006735746583387315, 'y2': -0.053963146001433315}"
600533.XSHG,-0.6026129600709461,0.3019402387448313,0.906,"{'A1': 2.770157843063934, 'A2': 35.58780634133013, 'A3': 91.10046543387429, 'y1': 0.12204640489804763, 'y2': -0.0949307368693454}"
002093.XSHE,0.41438754857143334,0.547314736737209,0.585,"{'A1': 15.91512236995775, 'A2': 47.3005314879084, 'A3': 139.38295036195535, 'y1': 0.25200653437517045, 'y2': -0.05752003922271162}"
002092.XSHE,-0.15836593728164972,0.5263175293392667,0.836,"{'A1': 6.885515225925141, 'A2': 33.18332898096947, 'A3': 139.8631603953234, 'y1': 0.005, 'y2': -0.2}"
600105.XSHG,2.6047992193948706,0.8804051732689613,0.002,"{'A1': 30.0, 'A2': 60.0, 'A3': 150.0, 'y1': 0.3, 'y2': -0.2}"
600106.XSHG,-0.6781486929957045,0.19090311952663847,0.89,"{'A1': 4.22528178273058, 'A2': 38.00516928338443, 'A3': 136.55859991356996, 'y1': 0.13745446832362407, 'y2': -0.0614537715218669}"
600103.XSHG,-1.0213807067257377,0.1164103394311865,0.945,"{'A1': 7.015355785324938, 'A2': 34.1213684232026, 'A3': 139.55653614860165, 'y1': 0.006735746583387315, 'y2': -0.053963146001433315}"
002098.XSHE,1.2861597689546116,0.558156112862956,0.142,"{'A1': 8.48873433095541, 'A2': 34.31233156563465, 'A3': 138.1447561984018, 'y1': 0.06167750623120244, 'y2': -0.19673492238194518}"
600327.XSHG,0.5260584150668326,0.8819022498763948,0.737,"{'A1': 6.9328756330800045, 'A2': 60.0, 'A3': 65.23933358150151, 'y1': 0.3, 'y2': -0.2}"
600326.XSHG,-0.3958838801961461,0.09524704264786328,0.58,"{'A1': 30.0, 'A2': 30.0, 'A3': 150.0, 'y1': 0.3, 'y2': -0.005}"
000819.XSHE,-1.8857326983356193,0.0883520467491414,1.0,"{'A1': 30.0, 'A2': 60.0, 'A3': 124.68206843082933, 'y1': 0.005, 'y2': -0.2}"
000818.XSHE,0.0,0.0,0.0,"{'A1': 29.485650422445676, 'A2': 57.590059351188515, 'A3': 94.2608457873757, 'y1': 0.16681828090004894, 'y2': -0.06842618882672769}"
600323.XSHG,0.26300664894083653,0.379158121558427,0.57,"{'A1': 11.537943283301594, 'A2': 45.968973287379384, 'A3': 62.762752072378014, 'y1': 0.04442354689011906, 'y2': -0.18795307334949626}"
600322.XSHG,0.0,0.0,0.0,"{'A1': 0.0, 'A2': 60.0, 'A3': 60.0, 'y1': 0.3, 'y2': -0.0050000000000000044}"
000815.XSHE,-0.07485889127778425,0.4437622563360086,0.78,"{'A1': 4.22528178273058, 'A2': 38.00516928338443, 'A3': 136.55859991356996, 'y1': 0.13745446832362407, 'y2': -0.0614537715218669}"
600240.XSHG,0.080662124500355,0.38385806518936877,0.682,"{'A1': 30.0, 'A2': 60.0, 'A3': 82.38639131993807, 'y1': 0.3, 'y2': -0.2}"
000816.XSHE,1.1865951304583946,0.056748496246307144,0.025,"{'A1': 17.103289892852764, 'A2': 57.401939544299175, 'A3': 60.0, 'y1': 0.005, 'y2': -0.2}"
600246.XSHG,-0.4013756843069363,0.0,1.0,"{'A1': 30.0, 'A2': 40.163190479266284, 'A3': 73.1426209460765, 'y1': 0.005, 'y2': -0.005}"
600328.XSHG,-1.0165000844268854,0.27532015738581517,0.968,"{'A1': 10.749264915392121, 'A2': 51.400562559003575, 'A3': 62.320533701388946, 'y1': 0.22511417079134166, 'y2': -0.15017360195227536}"
600970.XSHG,-0.10382627840011754,0.28619674545908214,0.697,"{'A1': 29.978948454820078, 'A2': 49.43906471385308, 'A3': 135.14257067221376, 'y1': 0.012308667600527425, 'y2': -0.039713408267319256}"
600971.XSHG,0.0,0.0,0.0,"{'A1': 0.0, 'A2': 60.0, 'A3': 150.0, 'y1': 0.005, 'y2': -0.0050000000000000044}"
600973.XSHG,0.8976827223035503,0.46317290346527595,0.261,"{'A1': 5.071854477093672, 'A2': 38.105278445876245, 'A3': 89.77798807635017, 'y1': 0.3, 'y2': -0.09178743817460892}"
000563.XSHE,1.5659814118644766,0.0,0.0,"{'A1': 15.344460277949988, 'A2': 30.0, 'A3': 60.0, 'y1': 0.005, 'y2': -0.2}"
600400.XSHG,-1.1103208929616089,0.18922507982510023,0.971,"{'A1': 7.015355785324938, 'A2': 34.1213684232026, 'A3': 139.55653614860165, 'y1': 0.006735746583387315, 'y2': -0.053963146001433315}"
000963.XSHE,1.1628682705579905,0.936346863608593,0.343,"{'A1': 5.440826466939705, 'A2': 38.99199922010123, 'A3': 79.97092428127304, 'y1': 0.20248024954062627, 'y2': -0.11620661428708837}"
000962.XSHE,2.2652863608409364,0.24498831347335298,0.0,"{'A1': 7.042269790348411, 'A2': 32.529775358383034, 'A3': 140.5836039351429, 'y1': 0.019269130737183015, 'y2': -0.06659634423248602}"
600406.XSHG,0.4827576003621184,0.8820400951776751,0.745,"{'A1': 8.483989130205757, 'A2': 43.23999705150743, 'A3': 112.48236475533308, 'y1': 0.13887819688510566, 'y2': -0.03328460409447789}"
600408.XSHG,-0.4933105871108034,0.1745775067159634,0.819,"{'A1': 12.51066014107722, 'A2': 51.60973480326474, 'A3': 60.01029373356104, 'y1': 0.09418810892639273, 'y2': -0.17138260129066296}"
600409.XSHG,-1.1526071808560796,0.1640476621028377,0.961,"{'A1': 30.0, 'A2': 38.195968732022905, 'A3': 114.50648659915494, 'y1': 0.3, 'y2': -0.2}"
000708.XSHE,0.7479813775589234,0.48812866388549875,0.367,"{'A1': 15.415376883351412, 'A2': 30.0, 'A3': 88.86467411240326, 'y1': 0.005, 'y2': -0.2}"
600819.XSHG,1.2358287146060718,0.0,0.0,"{'A1': 30.0, 'A2': 30.0, 'A3': 137.53143318100322, 'y1': 0.005, 'y2': -0.005}"
000701.XSHE,0.5227862455222916,0.43251614014972006,0.46,"{'A1': 11.537943283301594, 'A2': 45.968973287379384, 'A3': 62.762752072378014, 'y1': 0.04442354689011906, 'y2': -0.18795307334949626}"
000700.XSHE,2.2108951343896033,0.21487064501144898,0.0,"{'A1': 29.75303368901085, 'A2': 45.63437687674152, 'A3': 131.76244508170032, 'y1': 0.041474065061247706, 'y2': -0.01806922759081578}"
600810.XSHG,0.0,0.0,0.0,"{'A1': 30.0, 'A2': 50.77722676128135, 'A3': 140.19513479930234, 'y1': 0.005, 'y2': -0.005}"
600815.XSHG,1.4229933034395734,0.30071810826302114,0.051,"{'A1': 9.317118164776826, 'A2': 60.0, 'A3': 84.41011756726196, 'y1': 0.005, 'y2': -0.2}"
600814.XSHG,0.9378713858659037,0.16018821120830973,0.0,"{'A1': 30.0, 'A2': 30.0, 'A3': 113.92827466523546, 'y1': 0.005, 'y2': -0.2}"
000795.XSHE,1.614000988785115,0.3806500986904882,0.032,"{'A1': 14.067465348430042, 'A2': 31.12960944373015, 'A3': 71.7201808788176, 'y1': 0.21317746058905815, 'y2': -0.10864526205559948}"
002203.XSHE,1.5439204098642128,0.18381432035772344,0.019,"{'A1': 13.524931985045791, 'A2': 39.254466792043424, 'A3': 92.86484978837262, 'y1': 0.005, 'y2': -0.2}"
002083.XSHE,1.6711456329279464,0.0,0.0,"{'A1': 30.0, 'A2': 30.0, 'A3': 150.0, 'y1': 0.005, 'y2': -0.005}"
000637.XSHE,1.3402727067879097,0.11104388493845335,0.038,"{'A1': 13.475885233149901, 'A2': 52.82879390673669, 'A3': 60.0, 'y1': 0.005, 'y2': -0.2}"
600866.XSHG,0.12154300074773078,0.9405210242516991,0.914,"{'A1': 4.4176462592186, 'A2': 37.49675055003592, 'A3': 136.3825082589471, 'y1': 0.15419372885146915, 'y2': -0.1748823205369504}"
600867.XSHG,0.8580362644016705,0.1716987576244911,0.204,"{'A1': 9.089084525208058, 'A2': 30.05970579534565, 'A3': 115.42352206195694, 'y1': 0.09198717947319593, 'y2': -0.02185068258894038}"
600864.XSHG,2.1486530335052696,0.0,0.0,"{'A1': 13.943509503245048, 'A2': 54.387802725882395, 'A3': 61.290139468188116, 'y1': 0.005, 'y2': -0.12677049427792592}"
600710.XSHG,0.7808475562523192,0.6987029533846346,0.45,"{'A1': 14.38037726407896, 'A2': 40.611962266936835, 'A3': 148.46167258340967, 'y1': 0.08721306494168306, 'y2': -0.0677625798585355}"
600860.XSHG,2.3670581423683363,0.24427785571941268,0.0,"{'A1': 11.537943283301594, 'A2': 45.968973287379384, 'A3': 62.762752072378014, 'y1': 0.04442354689011906, 'y2': -0.18795307334949626}"
600713.XSHG,-0.049845595724233825,0.32353117401263193,0.699,"{'A1': 30.0, 'A2': 30.0, 'A3': 60.0, 'y1': 0.3, 'y2': -0.005}"
000811.XSHE,0.7608223615268711,0.9114411073325303,0.589,"{'A1': 27.24059108990996, 'A2': 58.03352924021604, 'A3': 149.706002848553, 'y1': 0.2872498428969295, 'y2': -0.18986234297653884}"
600249.XSHG,0.012742581536837641,0.12139348279818304,0.544,"{'A1': 19.406459693706466, 'A2': 30.0, 'A3': 83.20740737019977, 'y1': 0.005, 'y2': -0.2}"
600321.XSHG,-0.31572720477722643,0.2278471052796635,0.763,"{'A1': 10.563466982132306, 'A2': 47.9574108975666, 'A3': 60.0, 'y1': 0.005, 'y2': -0.2}"
000407.XSHE,0.16678714158333996,0.4280326354882423,0.65,"{'A1': 2.770157843063934, 'A2': 35.58780634133013, 'A3': 91.10046543387429, 'y1': 0.12204640489804763, 'y2': -0.0949307368693454}"
000033.XSHE,1.4239116688984026,0.08081567300312818,0.0,"{'A1': 24.630714414822144, 'A2': 60.0, 'A3': 139.65688195367042, 'y1': 0.005, 'y2': -0.2}"
000032.XSHE,0.9276946568392562,0.3495449677344195,0.202,"{'A1': 12.51066014107722, 'A2': 51.60973480326474, 'A3': 60.01029373356104, 'y1': 0.09418810892639273, 'y2': -0.17138260129066296}"
002191.XSHE,0.402566710823357,0.1295359110686066,0.358,"{'A1': 29.75147900457535, 'A2': 58.40331841875714, 'A3': 137.78327797884378, 'y1': 0.14367646988739638, 'y2': -0.17357827143203494}"
600785.XSHG,0.06290032825475406,0.8459501145185291,0.894,"{'A1': 27.88832584298629, 'A2': 60.0, 'A3': 144.4358832904239, 'y1': 0.2581004975366694, 'y2': -0.16488968826879774}"
600662.XSHG,-0.7845437955111431,0.3508682526547983,0.949,"{'A1': 30.0, 'A2': 44.83086693591916, 'A3': 117.78744818685703, 'y1': 0.2656830819787995, 'y2': -0.1654810913288702}"
600665.XSHG,-1.541794993834155,0.37194503678517,0.997,"{'A1': 2.770157843063934, 'A2': 35.58780634133013, 'A3': 91.10046543387429, 'y1': 0.12204640489804763, 'y2': -0.0949307368693454}"
600667.XSHG,-1.0705992068543042,0.2242323770990427,0.959,"{'A1': 16.513318730495744, 'A2': 36.4215442231014, 'A3': 148.44000987777758, 'y1': 0.13077475739368438, 'y2': -0.03911546165540397}"
000919.XSHE,-1.0678674988053816,0.16637384122460866,0.952,"{'A1': 7.015355785324938, 'A2': 34.1213684232026, 'A3': 139.55653614860165, 'y1': 0.006735746583387315, 'y2': -0.053963146001433315}"
000522.XSHE,0.9255113976099352,0.2963657439565529,0.179,"{'A1': 5.751550073458058, 'A2': 60.0, 'A3': 150.0, 'y1': 0.005, 'y2': -0.2}"
000525.XSHE,-1.0034508825287958,0.11142093853825323,0.954,"{'A1': 13.438783156407757, 'A2': 53.37559618339665, 'A3': 60.56858556866622, 'y1': 0.20968674586212255, 'y2': -0.18976928082967903}"
000524.XSHE,0.943828870938665,0.2649741429856029,0.173,"{'A1': 7.060086021490276, 'A2': 34.128795446110985, 'A3': 139.43996220257816, 'y1': 0.0719022378948469, 'y2': -0.026204311867996544}"
600361.XSHG,-0.0649454683309218,0.18432611099776983,0.64,"{'A1': 7.015355785324938, 'A2': 34.1213684232026, 'A3': 139.55653614860165, 'y1': 0.006735746583387315, 'y2': -0.053963146001433315}"
000911.XSHE,0.8345192092047616,0.08961996214850362,0.214,"{'A1': 27.12102309468332, 'A2': 30.0, 'A3': 90.89749015278143, 'y1': 0.005, 'y2': -0.2}"
600363.XSHG,1.3161633109616915,0.15714523033341124,0.041,"{'A1': 7.015355785324938, 'A2': 34.1213684232026, 'A3': 139.55653614860165, 'y1': 0.006735746583387315, 'y2': -0.053963146001433315}"
000913.XSHE,-1.2485246187293586,0.6844436554014753,0.999,"{'A1': 3.1875114919000005, 'A2': 36.82811289315181, 'A3': 91.1725852431765, 'y1': 0.29064469936397797, 'y2': -0.12153110010389825}"
000916.XSHE,-0.7822407223782836,0.20225222068916418,0.934,"{'A1': 22.085364098321122, 'A2': 50.71381009492539, 'A3': 68.62780058870018, 'y1': 0.20401428363512286, 'y2': -0.0728840697325786}"
600366.XSHG,-1.5414520137798464,0.7268772764684027,1.0,"{'A1': 30.0, 'A2': 60.0, 'A3': 150.0, 'y1': 0.3, 'y2': -0.2}"
002031.XSHE,2.5807436492783795,0.1334194939733053,0.0,"{'A1': 8.11349746093906, 'A2': 36.29253334306327, 'A3': 70.32884545470876, 'y1': 0.005, 'y2': -0.2}"
002032.XSHE,1.0375655399074712,0.7832356553468415,0.345,"{'A1': 13.267367970553476, 'A2': 52.82607466617023, 'A3': 60.70602514826549, 'y1': 0.14339937015820434, 'y2': -0.14677785834772855}"
002038.XSHE,-0.06979374529896641,0.013227377288216574,0.525,"{'A1': 5.646682152310306, 'A2': 49.838052289459, 'A3': 60.0, 'y1': 0.005, 'y2': -0.005}"
600798.XSHG,1.0902627144830421,0.04401567901887744,0.0,"{'A1': 4.709453965802696, 'A2': 41.32742477287662, 'A3': 118.13514038585203, 'y1': 0.005, 'y2': -0.005}"
000050.XSHE,1.0886717842044338,0.5766428708336097,0.234,"{'A1': 4.180884117757248, 'A2': 60.0, 'A3': 67.36242282676876, 'y1': 0.3, 'y2': -0.005}"
600567.XSHG,-0.7795042090035164,0.10271884434881637,0.861,"{'A1': 15.017340866279305, 'A2': 51.93351870373632, 'A3': 60.0, 'y1': 0.005, 'y2': -0.2}"
600565.XSHG,-0.8742756904044077,0.4037580095461864,0.962,"{'A1': 19.973028808877242, 'A2': 45.75805190390831, 'A3': 97.92061230710107, 'y1': 0.17377518245402793, 'y2': -0.13689835307345116}"
600563.XSHG,0.272695947631151,0.872572453003454,0.837,"{'A1': 12.51066014107722, 'A2': 51.60973480326474, 'A3': 60.01029373356104, 'y1': 0.09418810892639273, 'y2': -0.17138260129066296}"
600215.XSHG,-0.013534964004154857,0.14671413258566815,0.594,"{'A1': 7.015355785324938, 'A2': 34.1213684232026, 'A3': 139.55653614860165, 'y1': 0.006735746583387315, 'y2': -0.053963146001433315}"
600075.XSHG,-2.4154922197580233,0.17392176966427825,1.0,"{'A1': 30.0, 'A2': 60.0, 'A3': 150.0, 'y1': 0.3, 'y2': -0.005}"
600216.XSHG,-1.5153709320625695,0.5449346742613859,1.0,"{'A1': 12.51066014107722, 'A2': 51.60973480326474, 'A3': 60.01029373356104, 'y1': 0.09418810892639273, 'y2': -0.17138260129066296}"
600074.XSHG,-0.5281526911651093,0.27113186014637713,0.862,"{'A1': 7.242177464796104, 'A2': 35.0385082207742, 'A3': 91.8197441599632, 'y1': 0.2877973050027277, 'y2': -0.07596157282477466}"
000594.XSHE,-1.136314211922695,0.08278383455467801,0.966,"{'A1': 2.4269855258733086, 'A2': 55.49903289687328, 'A3': 132.11531922729253, 'y1': 0.2079316028413603, 'y2': -0.05257724633279495}"
000597.XSHE,-0.5509601150607865,0.04135014044292324,0.761,"{'A1': 30.0, 'A2': 30.0, 'A3': 133.53308438844198, 'y1': 0.005, 'y2': -0.2}"
000989.XSHE,-0.8990407692752295,0.3676173789592548,0.963,"{'A1': 13.267367970553476, 'A2': 52.82607466617023, 'A3': 60.70602514826549, 'y1': 0.14339937015820434, 'y2': -0.14677785834772855}"
000988.XSHE,-0.8915973419337367,0.6222087103058264,0.986,"{'A1': 4.814154496703593, 'A2': 36.49456765176554, 'A3': 92.04686147337488, 'y1': 0.07122055064021429, 'y2': -0.080409608659189}"
000987.XSHE,-0.7114170115741778,0.3623240372308419,0.925,"{'A1': 9.715910723048106, 'A2': 42.46003981635062, 'A3': 67.71838724890424, 'y1': 0.005, 'y2': -0.2}"
000598.XSHE,0.47952008289575154,1.0210576751712983,0.807,"{'A1': 8.047802899506024, 'A2': 46.21200016834689, 'A3': 100.8512781166976, 'y1': 0.2934071980503362, 'y2': -0.13877281636261402}"
000599.XSHE,-0.8957703798211454,0.0,1.0,"{'A1': 20.829331437213714, 'A2': 41.99111474469882, 'A3': 121.45390143727325, 'y1': 0.005, 'y2': -0.005}"
000851.XSHE,1.213862437620644,0.40292815949070654,0.119,"{'A1': 3.2093960124319265, 'A2': 33.602655206150665, 'A3': 91.3892212921273, 'y1': 0.04675388487851877, 'y2': -0.10801437443090897}"
000850.XSHE,0.6982050382721173,0.19497029693765794,0.261,"{'A1': 27.2634599247138, 'A2': 59.64417706696321, 'A3': 147.04880156540509, 'y1': 0.005, 'y2': -0.2}"
000852.XSHE,0.0,0.0,0.0,"{'A1': 18.184419405635733, 'A2': 60.0, 'A3': 144.72216926375407, 'y1': 0.005, 'y2': -0.2}"
600288.XSHG,1.5927020307662565,0.0,0.0,"{'A1': 6.853346384658309, 'A2': 31.931034270396957, 'A3': 101.11479135757415, 'y1': 0.005, 'y2': -0.2}"
600289.XSHG,-1.0780108118416651,0.23317655097130985,0.966,"{'A1': 7.060086021490276, 'A2': 34.128795446110985, 'A3': 139.43996220257816, 'y1': 0.0719022378948469, 'y2': -0.026204311867996544}"
000859.XSHE,0.4138759458358014,0.1924719327097836,0.388,"{'A1': 6.039915199329432, 'A2': 53.99253628742283, 'A3': 60.783671397479594, 'y1': 0.021960664027989865, 'y2': -0.04488883235969901}"
600287.XSHG,0.0578000262878636,0.48454434426038034,0.717,"{'A1': 11.537943283301594, 'A2': 45.968973287379384, 'A3': 62.762752072378014, 'y1': 0.04442354689011906, 'y2': -0.18795307334949626}"
600284.XSHG,0.0,0.0,0.0,"{'A1': 30.0, 'A2': 60.0, 'A3': 150.0, 'y1': 0.005, 'y2': -0.2}"
600281.XSHG,-0.14817610629882683,0.4238211561442416,0.791,"{'A1': 15.724353635832017, 'A2': 54.6905395187802, 'A3': 65.00900180167946, 'y1': 0.3, 'y2': -0.2}"
600884.XSHG,-2.2304772693386403,0.39470306314484455,1.0,"{'A1': 30.0, 'A2': 60.0, 'A3': 150.0, 'y1': 0.3, 'y2': -0.2}"
000679.XSHE,0.0,0.0,0.0,"{'A1': 0.0, 'A2': 30.0, 'A3': 150.0, 'y1': 0.005, 'y2': -0.2}"
600821.XSHG,0.32144949366086484,0.5566488853432852,0.658,"{'A1': 30.0, 'A2': 60.0, 'A3': 150.0, 'y1': 0.3, 'y2': -0.2}"
600826.XSHG,-0.27793325511506417,0.776721437041824,0.969,"{'A1': 4.47444699044188, 'A2': 33.0701553128913, 'A3': 90.63680001820308, 'y1': 0.12118311122222263, 'y2': -0.18301344124303814}"
600827.XSHG,-2.048733053314677,0.11446684728626152,1.0,"{'A1': 7.060086021490276, 'A2': 34.128795446110985, 'A3': 139.43996220257816, 'y1': 0.0719022378948469, 'y2': -0.026204311867996544}"
600824.XSHG,1.0068196270228265,0.18448211433381534,0.144,"{'A1': 15.779443590980263, 'A2': 55.732426269742525, 'A3': 60.0, 'y1': 0.005, 'y2': -0.2}"
000777.XSHE,-0.7004538969527155,0.0,1.0,"{'A1': 30.0, 'A2': 30.0, 'A3': 150.0, 'y1': 0.005, 'y2': -0.005}"
600880.XSHG,-0.791418909760614,0.5437413789630927,0.971,"{'A1': 7.3743351091127955, 'A2': 31.643819213165838, 'A3': 104.44708385577164, 'y1': 0.09529904368781861, 'y2': -0.06483265816466764}"
600829.XSHG,-1.235828602582313,0.0,1.0,"{'A1': 28.83045194725009, 'A2': 58.315665143435226, 'A3': 83.06737083229025, 'y1': 0.01970019553689947, 'y2': -0.005}"
000677.XSHE,0.0,0.0,0.0,"{'A1': 25.184238797437676, 'A2': 60.0, 'A3': 70.97692176393336, 'y1': 0.005, 'y2': -0.2}"
000006.XSHE,0.9468981241491048,0.02525489816204611,0.0,"{'A1': 30.0, 'A2': 30.0, 'A3': 150.0, 'y1': 0.005, 'y2': -0.005}"
000860.XSHE,1.2074854511788746,0.5477896027432589,0.142,"{'A1': 30.0, 'A2': 60.0, 'A3': 150.0, 'y1': 0.3, 'y2': -0.2}"
000070.XSHE,-0.30505524464448286,0.4718513189430023,0.866,"{'A1': 4.572498860489031, 'A2': 37.93220789067465, 'A3': 92.29221400706665, 'y1': 0.22358909065544627, 'y2': -0.011621984872557084}"
000078.XSHE,-0.3563518800443387,0.5203365961517129,0.91,"{'A1': 3.008601498618355, 'A2': 34.88771498576211, 'A3': 87.47740130680349, 'y1': 0.26804050051362427, 'y2': -0.15120911332103115}"
600746.XSHG,-2.0629820708498627,0.4620434670105206,1.0,"{'A1': 2.770157843063934, 'A2': 35.58780634133013, 'A3': 91.10046543387429, 'y1': 0.12204640489804763, 'y2': -0.0949307368693454}"
600744.XSHG,-0.8564719304401316,0.16146292813800542,0.927,"{'A1': 29.49481308852889, 'A2': 60.0, 'A3': 89.32012426519245, 'y1': 0.005, 'y2': -0.2}"
600740.XSHG,2.7741993216367677,0.0,0.0,"{'A1': 7.221524700643416, 'A2': 33.22309340366497, 'A3': 74.32043713177444, 'y1': 0.005, 'y2': -0.2}"
600624.XSHG,0.47324538337404,0.08781224173263917,0.285,"{'A1': 11.537943283301594, 'A2': 45.968973287379384, 'A3': 62.762752072378014, 'y1': 0.04442354689011906, 'y2': -0.18795307334949626}"
600626.XSHG,0.0,0.0,0.0,"{'A1': 30.0, 'A2': 48.232062109475464, 'A3': 100.6584970872754, 'y1': 0.005, 'y2': -0.2}"
600620.XSHG,-0.4063882786740205,0.35910098477121566,0.898,"{'A1': 4.466134742930441, 'A2': 34.155809535194116, 'A3': 90.79509035564544, 'y1': 0.05705189713330484, 'y2': -0.15611301052003057}"
600621.XSHG,0.730702617554103,0.2764673185438535,0.273,"{'A1': 18.932443573125923, 'A2': 30.0, 'A3': 70.59217116115127, 'y1': 0.005, 'y2': -0.2}"
600622.XSHG,-1.8457056241542638,0.1415281749583283,1.0,"{'A1': 7.060086021490276, 'A2': 34.128795446110985, 'A3': 139.43996220257816, 'y1': 0.0719022378948469, 'y2': -0.026204311867996544}"
600983.XSHG,-1.8198812566209874,0.5006051086761666,1.0,"{'A1': 2.4269855258733086, 'A2': 55.49903289687328, 'A3': 132.11531922729253, 'y1': 0.2079316028413603, 'y2': -0.05257724633279495}"
000507.XSHE,1.460981883265414,0.23612495381834764,0.034,"{'A1': 7.581443926693227, 'A2': 56.51271320341654, 'A3': 95.0555657449721, 'y1': 0.005, 'y2': -0.2}"
002172.XSHE,-0.4362006657202473,0.16171314074589316,0.789,"{'A1': 18.314191472864216, 'A2': 30.0, 'A3': 85.41993314100526, 'y1': 0.005, 'y2': -0.046177737189988834}"
000968.XSHE,1.5006040546361572,0.0,0.0,"{'A1': 12.124827288140468, 'A2': 30.0, 'A3': 138.21694663899942, 'y1': 0.005, 'y2': -0.2}"
002073.XSHE,2.5737730671200927,1.1350166329563756,0.009,"{'A1': 11.654326207281999, 'A2': 57.772566179297044, 'A3': 136.389046218571, 'y1': 0.17802751476676776, 'y2': -0.15721962992550037}"
002075.XSHE,0.0,0.0,0.0,"{'A1': 19.973028808877242, 'A2': 45.75805190390831, 'A3': 97.92061230710107, 'y1': 0.17377518245402793, 'y2': -0.13689835307345116}"
600523.XSHG,0.16903879824173434,0.221002239186825,0.538,"{'A1': 7.015355785324938, 'A2': 34.1213684232026, 'A3': 139.55653614860165, 'y1': 0.006735746583387315, 'y2': -0.053963146001433315}"
600522.XSHG,0.0,0.0,0.0,"{'A1': 30.0, 'A2': 39.904221857085496, 'A3': 103.88103180992736, 'y1': 0.005, 'y2': -0.1677551745721026}"
600521.XSHG,-0.022594146996684585,0.24628303536327717,0.654,"{'A1': 3.996323774547971, 'A2': 35.657691653148326, 'A3': 92.01647985392842, 'y1': 0.04039473765400018, 'y2': -0.05346878338018557}"
600480.XSHG,1.789959368822351,0.336177473140588,0.018,"{'A1': 9.336641307219868, 'A2': 38.03324937064136, 'A3': 91.94146196070344, 'y1': 0.3, 'y2': -0.005}"
600481.XSHG,0.14803714612622776,1.0156553142886988,0.917,"{'A1': 6.935393485012425, 'A2': 38.82428964170606, 'A3': 87.08559766979303, 'y1': 0.29568213604829574, 'y2': -0.14590973167553165}"
600529.XSHG,-0.9111382842243683,0.518425472377846,0.993,"{'A1': 2.770157843063934, 'A2': 35.58780634133013, 'A3': 91.10046543387429, 'y1': 0.12204640489804763, 'y2': -0.0949307368693454}"
600487.XSHG,-0.5363583680772529,0.28624441649067783,0.859,"{'A1': 7.015355785324938, 'A2': 34.1213684232026, 'A3': 139.55653614860165, 'y1': 0.006735746583387315, 'y2': -0.053963146001433315}"
600138.XSHG,-1.1242996911476433,0.26887800108230614,0.978,"{'A1': 30.0, 'A2': 60.0, 'A3': 135.6954547029161, 'y1': 0.005, 'y2': -0.2}"
600130.XSHG,-0.45017920807048994,0.44928407369316337,0.931,"{'A1': 11.537943283301594, 'A2': 45.968973287379384, 'A3': 62.762752072378014, 'y1': 0.04442354689011906, 'y2': -0.18795307334949626}"
600131.XSHG,-0.8918273166433424,0.19323343863795317,0.918,"{'A1': 7.015355785324938, 'A2': 34.1213684232026, 'A3': 139.55653614860165, 'y1': 0.006735746583387315, 'y2': -0.053963146001433315}"
600135.XSHG,1.7848688472181369,0.21423648395360373,0.002,"{'A1': 7.015355785324938, 'A2': 34.1213684232026, 'A3': 139.55653614860165, 'y1': 0.006735746583387315, 'y2': -0.053963146001433315}"
600310.XSHG,1.6058911364053727,0.5214793923588981,0.055,"{'A1': 11.654326207281999, 'A2': 57.772566179297044, 'A3': 136.389046218571, 'y1': 0.17802751476676776, 'y2': -0.15721962992550037}"
600258.XSHG,-0.28527966944707195,0.16170034503157524,0.71,"{'A1': 7.015355785324938, 'A2': 34.1213684232026, 'A3': 139.55653614860165, 'y1': 0.006735746583387315, 'y2': -0.053963146001433315}"
600312.XSHG,0.0,0.0,0.0,"{'A1': 30.0, 'A2': 60.0, 'A3': 75.88475917517701, 'y1': 0.005, 'y2': -0.2}"
600315.XSHG,0.2631388624575758,0.8560777968405362,0.833,"{'A1': 5.05951188702952, 'A2': 52.504190738066264, 'A3': 76.72507930701738, 'y1': 0.14953925311521554, 'y2': -0.06021335546666781}"
000417.XSHE,0.21235918161707756,0.7951402403441781,0.838,"{'A1': 4.0791448409300175, 'A2': 40.23297832607055, 'A3': 88.92434077629369, 'y1': 0.005, 'y2': -0.2}"
000416.XSHE,-1.6755504464230635,0.4091119052490527,1.0,"{'A1': 2.770157843063934, 'A2': 35.58780634133013, 'A3': 91.10046543387429, 'y1': 0.12204640489804763, 'y2': -0.0949307368693454}"
000419.XSHE,0.7074233123374416,0.6388369840933037,0.45,"{'A1': 19.84021237445957, 'A2': 45.127421532276585, 'A3': 83.49652297179584, 'y1': 0.1885791523281409, 'y2': -0.12067203625395544}"
000821.XSHE,0.726014918117058,0.5448577132855555,0.404,"{'A1': 8.439556025071214, 'A2': 44.95098757576627, 'A3': 60.0, 'y1': 0.005, 'y2': -0.2}"
600253.XSHG,-1.5353146573869163,0.4727191614586252,1.0,"{'A1': 8.996958985861452, 'A2': 43.75388159922661, 'A3': 112.75239792176967, 'y1': 0.224210865423737, 'y2': -0.10753147085936458}"
000823.XSHE,0.7379771222076932,0.4459399977621871,0.337,"{'A1': 12.51066014107722, 'A2': 51.60973480326474, 'A3': 60.01029373356104, 'y1': 0.09418810892639273, 'y2': -0.17138260129066296}"
600255.XSHG,1.0645645263277386,0.23795239183176242,0.134,"{'A1': 30.0, 'A2': 60.0, 'A3': 129.85615561164838, 'y1': 0.005, 'y2': -0.2}"
000826.XSHE,1.2190202161013142,0.9325379849788251,0.305,"{'A1': 4.158255751593744, 'A2': 37.19413360473354, 'A3': 85.26627562350572, 'y1': 0.08936960726535861, 'y2': -0.1254358144432027}"
600962.XSHG,0.5389000415844475,0.17671020333303297,0.311,"{'A1': 16.513318730495744, 'A2': 36.4215442231014, 'A3': 148.44000987777758, 'y1': 0.13077475739368438, 'y2': -0.03911546165540397}"
600966.XSHG,-2.109373247097455,0.09775392942446456,1.0,"{'A1': 11.558470601854815, 'A2': 45.70457393680167, 'A3': 89.35298279719682, 'y1': 0.005, 'y2': -0.11396800582618644}"
600965.XSHG,-1.4195097919959114,0.09348057963565047,0.986,"{'A1': 29.621394258265344, 'A2': 58.869479100312006, 'A3': 149.73268440404757, 'y1': 0.22122335352233413, 'y2': -0.1939299237420089}"
000550.XSHE,0.08810604144802955,0.797372612483799,0.873,"{'A1': 2.770157843063934, 'A2': 35.58780634133013, 'A3': 91.10046543387429, 'y1': 0.12204640489804763, 'y2': -0.0949307368693454}"
000551.XSHE,-0.3488633582770003,0.7665679245498955,0.953,"{'A1': 8.996958985861452, 'A2': 43.75388159922661, 'A3': 112.75239792176967, 'y1': 0.224210865423737, 'y2': -0.10753147085936458}"
600872.XSHG,-0.42863698398936473,0.0,1.0,"{'A1': 18.080201391983703, 'A2': 51.08997873759284, 'A3': 122.7836412403489, 'y1': 0.005, 'y2': -0.005}"
000554.XSHE,0.8748353487740045,0.0487076572487466,0.181,"{'A1': 13.712962988073842, 'A2': 42.4373151092137, 'A3': 81.73870047005308, 'y1': 0.005, 'y2': -0.005}"
600557.XSHG,0.3992476994934846,0.36285414159564006,0.479,"{'A1': 19.47248809829517, 'A2': 58.356592706331405, 'A3': 60.0, 'y1': 0.14374822327443404, 'y2': -0.2}"
600555.XSHG,-1.398703572556443,0.26257559828870514,0.993,"{'A1': 7.015355785324938, 'A2': 34.1213684232026, 'A3': 139.55653614860165, 'y1': 0.006735746583387315, 'y2': -0.053963146001433315}"
600553.XSHG,1.7861472414968282,0.3494695368569093,0.014,"{'A1': 7.015355785324938, 'A2': 34.1213684232026, 'A3': 139.55653614860165, 'y1': 0.006735746583387315, 'y2': -0.053963146001433315}"
600416.XSHG,1.0914173577712971,0.18155885953013207,0.105,"{'A1': 30.0, 'A2': 60.0, 'A3': 150.0, 'y1': 0.005, 'y2': -0.2}"
000952.XSHE,-0.2306210842384112,0.21500688807637958,0.734,"{'A1': 11.738140956973243, 'A2': 50.63541746982466, 'A3': 61.59123625539978, 'y1': 0.21718882687649274, 'y2': -0.03387947937865604}"
600410.XSHG,-0.27621651275266773,0.22404485816139916,0.759,"{'A1': 9.525341954602315, 'A2': 47.454336140203395, 'A3': 102.65774248092762, 'y1': 0.023676409218795248, 'y2': -0.11625163101315088}"
000737.XSHE,-0.15041598307706808,0.24997048901739816,0.714,"{'A1': 2.4269855258733086, 'A2': 55.49903289687328, 'A3': 132.11531922729253, 'y1': 0.2079316028413603, 'y2': -0.05257724633279495}"
000731.XSHE,-1.1415943771587216,0.10401656753920778,0.977,"{'A1': 2.770157843063934, 'A2': 35.58780634133013, 'A3': 91.10046543387429, 'y1': 0.12204640489804763, 'y2': -0.0949307368693454}"
000733.XSHE,-0.10476257280411717,0.3893026764961679,0.751,"{'A1': 15.745087593784605, 'A2': 43.867910158250105, 'A3': 79.702209485648, 'y1': 0.06119843792331727, 'y2': -0.2}"
600470.XSHG,-0.24952689508889805,0.42908576113484165,0.845,"{'A1': 17.279826720405563, 'A2': 38.018428989927614, 'A3': 60.0, 'y1': 0.3, 'y2': -0.2}"
000782.XSHE,0.28569367683857844,0.27390053482788734,0.485,"{'A1': 7.060086021490276, 'A2': 34.128795446110985, 'A3': 139.43996220257816, 'y1': 0.0719022378948469, 'y2': -0.026204311867996544}"
000785.XSHE,-0.8818996297247698,0.3568839491570814,0.966,"{'A1': 9.647820775328679, 'A2': 35.07614587143428, 'A3': 94.56785109603474, 'y1': 0.11255371018467371, 'y2': -0.04160076932411322}"
000786.XSHE,0.4106791915957841,0.640930110619078,0.64,"{'A1': 3.1875114919000005, 'A2': 36.82811289315181, 'A3': 91.1725852431765, 'y1': 0.29064469936397797, 'y2': -0.12153110010389825}"
601999.XSHG,-1.2758179623628096,0.3172600413895842,0.996,"{'A1': 12.51066014107722, 'A2': 51.60973480326474, 'A3': 60.01029373356104, 'y1': 0.09418810892639273, 'y2': -0.17138260129066296}"
000601.XSHE,-1.6662453308407912,0.1363313871381283,1.0,"{'A1': 18.561892273709063, 'A2': 49.44130693996052, 'A3': 92.03254702594963, 'y1': 0.005, 'y2': -0.2}"
000602.XSHE,-0.4791088412479536,0.517878910049654,0.922,"{'A1': 8.405067847674365, 'A2': 48.047803400859046, 'A3': 65.36760145509304, 'y1': 0.20541281332305775, 'y2': -0.12948355192910044}"
002194.XSHE,-2.573231541773947,0.06546544258563987,1.0,"{'A1': 8.871619732300935, 'A2': 46.41399088915481, 'A3': 150.0, 'y1': 0.07194968486724942, 'y2': -0.11220485813291217}"
000607.XSHE,-1.9771666939490853,0.19983316663030967,0.999,"{'A1': 6.083417754050096, 'A2': 38.29324049666134, 'A3': 85.81916994153588, 'y1': 0.07202140173898157, 'y2': -0.007391424013729442}"
000608.XSHE,-2.4813436326593794,0.2532355647940636,1.0,"{'A1': 12.666366267534709, 'A2': 44.75023134233572, 'A3': 107.40152996059264, 'y1': 0.11857823843388496, 'y2': -0.03743894775883441}"
000609.XSHE,-0.6845103056036032,0.12394898674134341,0.893,"{'A1': 2.770157843063934, 'A2': 35.58780634133013, 'A3': 91.10046543387429, 'y1': 0.12204640489804763, 'y2': -0.0949307368693454}"
600708.XSHG,0.2960379643254067,0.27204106122321864,0.481,"{'A1': 12.51066014107722, 'A2': 51.60973480326474, 'A3': 60.01029373356104, 'y1': 0.09418810892639273, 'y2': -0.17138260129066296}"
600702.XSHG,1.624918715339464,0.48807579137120677,0.04,"{'A1': 12.51066014107722, 'A2': 51.60973480326474, 'A3': 60.01029373356104, 'y1': 0.09418810892639273, 'y2': -0.17138260129066296}"
600877.XSHG,-3.307906317772892,0.53091192906936,1.0,"{'A1': 5.847982466344154, 'A2': 39.16406352182553, 'A3': 91.52698287654287, 'y1': 0.009245656739655684, 'y2': -0.1991607912390233}"
600707.XSHG,0.8455044180737948,0.9945401201513753,0.591,"{'A1': 12.482537337301029, 'A2': 40.985269639681924, 'A3': 92.83351229492533, 'y1': 0.056992543556213464, 'y2': -0.18604709305040193}"
600704.XSHG,-1.89967828946283,0.30221954077666346,1.0,"{'A1': 11.654326207281999, 'A2': 57.772566179297044, 'A3': 136.389046218571, 'y1': 0.17802751476676776, 'y2': -0.15721962992550037}"
600546.XSHG,0.775075282049534,0.6385511473453269,0.421,"{'A1': 2.770157843063934, 'A2': 35.58780634133013, 'A3': 91.10046543387429, 'y1': 0.12204640489804763, 'y2': -0.0949307368693454}"
002137.XSHE,0.7601172717681058,0.7121978973074428,0.463,"{'A1': 8.996958985861452, 'A2': 43.75388159922661, 'A3': 112.75239792176967, 'y1': 0.224210865423737, 'y2': -0.10753147085936458}"
002133.XSHE,-1.2929461511862137,0.2099233364887209,0.985,"{'A1': 29.332061728329847, 'A2': 31.318631018567906, 'A3': 119.50512381408035, 'y1': 0.036045713906734514, 'y2': -0.06946278763903085}"
600682.XSHG,0.20741146906243052,0.5048291377443583,0.693,"{'A1': 2.8275249887011613, 'A2': 30.0, 'A3': 84.93296423675335, 'y1': 0.005, 'y2': -0.2}"
600683.XSHG,0.8630895097120991,0.055505625149651065,0.164,"{'A1': 30.0, 'A2': 60.0, 'A3': 150.0, 'y1': 0.005, 'y2': -0.2}"
600686.XSHG,-1.1178988246648665,0.2106898400785982,0.977,"{'A1': 24.51280820215796, 'A2': 60.0, 'A3': 116.30242700157338, 'y1': 0.3, 'y2': -0.2}"
600677.XSHG,0.4917696354689145,0.3775024357634336,0.436,"{'A1': 2.770157843063934, 'A2': 35.58780634133013, 'A3': 91.10046543387429, 'y1': 0.12204640489804763, 'y2': -0.0949307368693454}"
600676.XSHG,1.5782143066876024,0.17201677309100244,0.013,"{'A1': 7.015355785324938, 'A2': 34.1213684232026, 'A3': 139.55653614860165, 'y1': 0.006735746583387315, 'y2': -0.053963146001433315}"
600674.XSHG,0.0,0.0,0.0,"{'A1': 1.1695024960322953, 'A2': 36.46397371389719, 'A3': 91.18930003979348, 'y1': 0.19620717815008282, 'y2': -0.09018254653244699}"
600178.XSHG,-1.2006677462537148,0.32767835219858715,0.988,"{'A1': 4.22528178273058, 'A2': 38.00516928338443, 'A3': 136.55859991356996, 'y1': 0.13745446832362407, 'y2': -0.0614537715218669}"
600179.XSHG,0.0,0.0,0.0,"{'A1': 5.434608842857761, 'A2': 34.81447867332487, 'A3': 95.77114619090395, 'y1': 0.00909572309118876, 'y2': -0.01942739629774415}"
000042.XSHE,1.2358285872258585,0.0,0.0,"{'A1': 30.0, 'A2': 30.0, 'A3': 150.0, 'y1': 0.005, 'y2': -0.0050000000000000044}"
000043.XSHE,-0.012907475910741746,0.5167536918498281,0.792,"{'A1': 11.537943283301594, 'A2': 45.968973287379384, 'A3': 62.762752072378014, 'y1': 0.04442354689011906, 'y2': -0.18795307334949626}"
000040.XSHE,-0.31935941540379603,0.2422739876898351,0.785,"{'A1': 2.770157843063934, 'A2': 35.58780634133013, 'A3': 91.10046543387429, 'y1': 0.12204640489804763, 'y2': -0.0949307368693454}"
600171.XSHG,1.7785535509786847,0.20515230504289905,0.011,"{'A1': 7.015355785324938, 'A2': 34.1213684232026, 'A3': 139.55653614860165, 'y1': 0.006735746583387315, 'y2': -0.053963146001433315}"
600172.XSHG,-0.2599298246405578,0.6783838732071698,0.913,"{'A1': 2.770157843063934, 'A2': 35.58780634133013, 'A3': 91.10046543387429, 'y1': 0.12204640489804763, 'y2': -0.0949307368693454}"
002181.XSHE,-0.5736302824729602,0.175809903110124,0.828,"{'A1': 7.015355785324938, 'A2': 34.1213684232026, 'A3': 139.55653614860165, 'y1': 0.006735746583387315, 'y2': -0.053963146001433315}"
002183.XSHE,-0.5318059044000734,0.19454354323282716,0.856,"{'A1': 12.51066014107722, 'A2': 51.60973480326474, 'A3': 60.01029373356104, 'y1': 0.09418810892639273, 'y2': -0.17138260129066296}"
002182.XSHE,0.6584462882889398,0.25158904435750024,0.275,"{'A1': 11.654326207281999, 'A2': 57.772566179297044, 'A3': 136.389046218571, 'y1': 0.17802751476676776, 'y2': -0.15721962992550037}"
002187.XSHE,-1.3852085890728563,0.2266853460671805,0.996,"{'A1': 30.0, 'A2': 60.0, 'A3': 150.0, 'y1': 0.3, 'y2': -0.2}"
002186.XSHE,0.560750512604515,0.2507973742832688,0.352,"{'A1': 9.973557713239515, 'A2': 30.924340082461192, 'A3': 76.76770572150264, 'y1': 0.08765559117518235, 'y2': -0.0957407782412289}"
600776.XSHG,0.5677828083264939,0.13295552136513095,0.326,"{'A1': 7.060086021490276, 'A2': 34.128795446110985, 'A3': 139.43996220257816, 'y1': 0.0719022378948469, 'y2': -0.026204311867996544}"
600777.XSHG,1.164567263458587,0.28633184359567915,0.102,"{'A1': 7.060086021490276, 'A2': 34.128795446110985, 'A3': 139.43996220257816, 'y1': 0.0719022378948469, 'y2': -0.026204311867996544}"
600775.XSHG,1.1785535240619267,0.08809916864397223,0.027,"{'A1': 21.680685569264742, 'A2': 30.0, 'A3': 90.62083208374561, 'y1': 0.005, 'y2': -0.2}"
600197.XSHG,-0.5396863473582988,0.2828230789920352,0.87,"{'A1': 19.84021237445957, 'A2': 45.127421532276585, 'A3': 83.49652297179584, 'y1': 0.1885791523281409, 'y2': -0.12067203625395544}"
600195.XSHG,-0.643603445631898,0.3646251865105536,0.929,"{'A1': 24.106363009516308, 'A2': 53.32732910447785, 'A3': 119.20358651752343, 'y1': 0.005, 'y2': -0.2}"
600192.XSHG,-0.13472757918273628,0.34536540902935253,0.761,"{'A1': 3.0017726490188146, 'A2': 35.5070828904857, 'A3': 88.74443725880448, 'y1': 0.054868096618456465, 'y2': -0.01002640587805495}"
600190.XSHG,-1.7145544955840206,0.1593086688724947,1.0,"{'A1': 30.0, 'A2': 36.91581415456542, 'A3': 150.0, 'y1': 0.005, 'y2': -0.2}"
600191.XSHG,-0.40027844943458984,0.38695000296928933,0.837,"{'A1': 19.84021237445957, 'A2': 45.127421532276585, 'A3': 83.49652297179584, 'y1': 0.1885791523281409, 'y2': -0.12067203625395544}"
000514.XSHE,0.0,0.0,0.0,"{'A1': 15.91512236995775, 'A2': 47.3005314879084, 'A3': 139.38295036195535, 'y1': 0.25200653437517045, 'y2': -0.05752003922271162}"
600054.XSHG,-1.0784203582514609,0.20888139006460155,0.977,"{'A1': 5.522307763732623, 'A2': 37.49755901154456, 'A3': 91.62567410529512, 'y1': 0.017677128922451407, 'y2': -0.12290467391117098}"
600053.XSHG,-0.5256899289259269,0.17005445489732546,0.814,"{'A1': 16.00917391579986, 'A2': 56.62790206851839, 'A3': 145.5393468917825, 'y1': 0.005, 'y2': -0.2}"
000511.XSHE,0.0,0.0,0.0,"{'A1': 12.939479399583417, 'A2': 57.24666364224825, 'A3': 150.0, 'y1': 0.3, 'y2': -0.005}"
600051.XSHG,-1.6260133336029725,0.10904404854924417,0.999,"{'A1': 30.0, 'A2': 60.0, 'A3': 112.33155362334445, 'y1': 0.005, 'y2': -0.2}"
000513.XSHE,0.31331875480609317,0.30563848618401945,0.511,"{'A1': 7.015355785324938, 'A2': 34.1213684232026, 'A3': 139.55653614860165, 'y1': 0.006735746583387315, 'y2': -0.053963146001433315}"
002001.XSHE,1.286723077559359,0.24365035355952905,0.064,"{'A1': 30.0, 'A2': 60.0, 'A3': 150.0, 'y1': 0.3, 'y2': -0.2}"
600129.XSHG,-1.2023959898166154,0.18055456472971326,0.97,"{'A1': 11.738140956973243, 'A2': 50.63541746982466, 'A3': 61.59123625539978, 'y1': 0.21718882687649274, 'y2': -0.03387947937865604}"
002008.XSHE,1.7692038627693878,0.8311076881663514,0.063,"{'A1': 15.876360717793919, 'A2': 53.69890457170087, 'A3': 61.322851685072806, 'y1': 0.12575099040561905, 'y2': -0.08778975426024324}"
600239.XSHG,1.6747119016055576,0.0,0.0,"{'A1': 6.199943075446212, 'A2': 39.4966503358361, 'A3': 78.02355461905142, 'y1': 0.005, 'y2': -0.2}"
600459.XSHG,0.05697715329308886,0.5776025259898088,0.79,"{'A1': 13.438783156407757, 'A2': 53.37559618339665, 'A3': 60.56858556866622, 'y1': 0.20968674586212255, 'y2': -0.18976928082967903}"
600458.XSHG,2.764519833811691,1.0933796248258338,0.002,"{'A1': 14.067465348430042, 'A2': 31.12960944373015, 'A3': 71.7201808788176, 'y1': 0.21317746058905815, 'y2': -0.10864526205559948}"
600518.XSHG,0.48829493907747035,0.876461664731579,0.734,"{'A1': 6.654907975206789, 'A2': 35.45654213737436, 'A3': 87.69233807482135, 'y1': 0.005, 'y2': -0.2}"
600512.XSHG,-0.7087080685744116,0.5987341694474444,0.974,"{'A1': 2.770157843063934, 'A2': 35.58780634133013, 'A3': 91.10046543387429, 'y1': 0.12204640489804763, 'y2': -0.0949307368693454}"
600510.XSHG,0.0,0.0,0.0,"{'A1': 7.015355785324938, 'A2': 34.1213684232026, 'A3': 139.55653614860165, 'y1': 0.006735746583387315, 'y2': -0.053963146001433315}"
600511.XSHG,1.2358286882769207,0.0,0.0,"{'A1': 11.721445460184977, 'A2': 30.0, 'A3': 107.57591036599727, 'y1': 0.005, 'y2': -0.2}"
600517.XSHG,0.465024461444206,0.05548153339761133,0.394,"{'A1': 18.33725814293151, 'A2': 51.639143589556234, 'A3': 147.27422033641204, 'y1': 0.005, 'y2': -0.005}"
600226.XSHG,-1.308986038759924,0.5478168172325054,0.999,"{'A1': 2.770157843063934, 'A2': 35.58780634133013, 'A3': 91.10046543387429, 'y1': 0.12204640489804763, 'y2': -0.0949307368693454}"
600227.XSHG,1.5836812342347195,0.12185378187340133,0.006,"{'A1': 7.015355785324938, 'A2': 34.1213684232026, 'A3': 139.55653614860165, 'y1': 0.006735746583387315, 'y2': -0.053963146001433315}"
000585.XSHE,-0.5970128668861078,0.20708620704415132,0.877,"{'A1': 3.9612264071967775, 'A2': 50.67409281433498, 'A3': 125.88585492107912, 'y1': 0.005, 'y2': -0.14182483823241637}"
000584.XSHE,-1.7032102286382498,0.24963273800417504,1.0,"{'A1': 15.068388154732814, 'A2': 57.023192019953214, 'A3': 66.77912646635976, 'y1': 0.005, 'y2': -0.2}"
600673.XSHG,1.7033988250504293,0.11650528924830768,0.0,"{'A1': 30.0, 'A2': 60.0, 'A3': 81.22562364139763, 'y1': 0.005, 'y2': -0.2}"
000589.XSHE,-0.09149450860657102,0.4655077738302209,0.791,"{'A1': 4.6715799808503045, 'A2': 30.0, 'A3': 74.93627722520971, 'y1': 0.005, 'y2': -0.2}"
600230.XSHG,-0.4176238067424516,0.13512247287115323,0.771,"{'A1': 27.392837472003276, 'A2': 30.0, 'A3': 75.03914539446711, 'y1': 0.3, 'y2': -0.005}"
600356.XSHG,-1.0473445017902074,0.14305785521194292,0.948,"{'A1': 24.518596308599225, 'A2': 44.16380879168232, 'A3': 136.54276475078, 'y1': 0.3, 'y2': -0.2}"
600422.XSHG,-1.121248368869586,0.38601453385192575,0.981,"{'A1': 15.95556462932022, 'A2': 51.212341837140144, 'A3': 61.11882946747746, 'y1': 0.006240343662658138, 'y2': -0.14029824142344494}"
600423.XSHG,0.017388064173354152,0.4072511691985519,0.732,"{'A1': 2.228248341884701, 'A2': 34.07653855926273, 'A3': 90.91421066872624, 'y1': 0.13050076905124589, 'y2': -0.08982481092385616}"
600352.XSHG,1.1714655750165326,0.440161540346524,0.143,"{'A1': 12.51066014107722, 'A2': 51.60973480326474, 'A3': 60.01029373356104, 'y1': 0.09418810892639273, 'y2': -0.17138260129066296}"
601002.XSHG,1.7116591315788034,0.4168283124761015,0.029,"{'A1': 12.51066014107722, 'A2': 51.60973480326474, 'A3': 60.01029373356104, 'y1': 0.09418810892639273, 'y2': -0.17138260129066296}"
600295.XSHG,0.3877296235730903,0.18777111965067533,0.41,"{'A1': 7.060086021490276, 'A2': 34.128795446110985, 'A3': 139.43996220257816, 'y1': 0.0719022378948469, 'y2': -0.026204311867996544}"
600291.XSHG,1.105206207504287,0.1220732504905195,0.07,"{'A1': 7.015355785324938, 'A2': 34.1213684232026, 'A3': 139.55653614860165, 'y1': 0.006735746583387315, 'y2': -0.053963146001433315}"
600359.XSHG,-1.2539969029854505,0.30265219925876147,0.988,"{'A1': 2.4269855258733086, 'A2': 55.49903289687328, 'A3': 132.11531922729253, 'y1': 0.2079316028413603, 'y2': -0.05257724633279495}"
600293.XSHG,-0.3125647628771644,0.5903420665124871,0.912,"{'A1': 5.952946939021443, 'A2': 39.92811734124389, 'A3': 90.35792191234131, 'y1': 0.1294050852866655, 'y2': -0.027503484869014883}"
600292.XSHG,1.2849092505927315,0.39027348775041554,0.096,"{'A1': 19.84021237445957, 'A2': 45.127421532276585, 'A3': 83.49652297179584, 'y1': 0.1885791523281409, 'y2': -0.12067203625395544}"
000886.XSHE,-0.8364903909146916,0.42607862457966084,0.965,"{'A1': 2.770157843063934, 'A2': 35.58780634133013, 'A3': 91.10046543387429, 'y1': 0.12204640489804763, 'y2': -0.0949307368693454}"
600830.XSHG,-0.16224936814571697,0.3185341593245971,0.758,"{'A1': 7.060086021490276, 'A2': 34.128795446110985, 'A3': 139.43996220257816, 'y1': 0.0719022378948469, 'y2': -0.026204311867996544}"
000882.XSHE,-0.1754958854392226,0.2837106814181343,0.753,"{'A1': 2.606953711411788, 'A2': 30.0, 'A3': 125.69605143130406, 'y1': 0.3, 'y2': -0.2}"
600834.XSHG,0.0,0.0,0.0,"{'A1': 15.827680555348818, 'A2': 30.0, 'A3': 98.32824265222294, 'y1': 0.3, 'y2': -0.2}"
000881.XSHE,0.7007471652586885,0.39057054354190607,0.338,"{'A1': 27.24059108990996, 'A2': 58.03352924021604, 'A3': 149.706002848553, 'y1': 0.2872498428969295, 'y2': -0.18986234297653884}"
600838.XSHG,-1.5323232812629164,0.4736232108530203,1.0,"{'A1': 6.510562239501322, 'A2': 35.990381861677335, 'A3': 92.39989946191383, 'y1': 0.12301321040651574, 'y2': -0.17222380967345471}"
000762.XSHE,0.25096805498915487,0.38033517059940014,0.569,"{'A1': 11.537943283301594, 'A2': 45.968973287379384, 'A3': 62.762752072378014, 'y1': 0.04442354689011906, 'y2': -0.18795307334949626}"
000888.XSHE,-0.3989480546852594,0.6941587157783004,0.969,"{'A1': 6.645375498562967, 'A2': 46.69330450987552, 'A3': 103.2866773339535, 'y1': 0.06585776086910046, 'y2': -0.13678227561418382}"
600063.XSHG,1.2358286149084272,0.0,0.0,"{'A1': 19.729484928213004, 'A2': 52.68842901077718, 'A3': 60.0, 'y1': 0.005, 'y2': -0.2}"
600059.XSHG,1.0862103964707062,0.30177136348940464,0.138,"{'A1': 7.015355785324938, 'A2': 34.1213684232026, 'A3': 139.55653614860165, 'y1': 0.006735746583387315, 'y2': -0.053963146001433315}"
600060.XSHG,-1.9300948921967398,0.2594076124248097,0.999,"{'A1': 8.996958985861452, 'A2': 43.75388159922661, 'A3': 112.75239792176967, 'y1': 0.224210865423737, 'y2': -0.10753147085936458}"
000939.XSHE,0.7377334234404233,1.106600535894676,0.714,"{'A1': 8.047802899506024, 'A2': 46.21200016834689, 'A3': 100.8512781166976, 'y1': 0.2934071980503362, 'y2': -0.13877281636261402}"
600303.XSHG,-1.752786572918498,0.711101354411172,1.0,"{'A1': 8.476475192546134, 'A2': 38.266128700496154, 'A3': 89.96283015250569, 'y1': 0.17954677784363943, 'y2': -0.16250787389906157}"
600302.XSHG,-1.7007745025991352,0.09133995527038206,0.999,"{'A1': 16.513318730495744, 'A2': 36.4215442231014, 'A3': 148.44000987777758, 'y1': 0.13077475739368438, 'y2': -0.03911546165540397}"
600300.XSHG,0.0,0.0,0.0,"{'A1': 0.0, 'A2': 30.0, 'A3': 150.0, 'y1': 0.005, 'y2': -0.005}"
600732.XSHG,-2.1116092898401435,0.2366179290215379,1.0,"{'A1': 2.770157843063934, 'A2': 35.58780634133013, 'A3': 91.10046543387429, 'y1': 0.12204640489804763, 'y2': -0.0949307368693454}"
600736.XSHG,0.0,0.0,0.0,"{'A1': 23.52845414343286, 'A2': 60.0, 'A3': 150.0, 'y1': 0.3, 'y2': -0.2}"
600883.XSHG,0.7364345001249828,0.42200987266691026,0.328,"{'A1': 27.24059108990996, 'A2': 58.03352924021604, 'A3': 149.706002848553, 'y1': 0.2872498428969295, 'y2': -0.18986234297653884}"
600630.XSHG,1.2358286783528716,0.0,0.0,"{'A1': 24.243861288945652, 'A2': 52.12492004825771, 'A3': 115.34680875907684, 'y1': 0.005, 'y2': -0.2}"
600888.XSHG,1.2358287186348915,0.0,0.0,"{'A1': 16.048746394182924, 'A2': 49.252822539359805, 'A3': 150.0, 'y1': 0.005, 'y2': -0.2}"
600636.XSHG,1.7811719598149223,0.3970375452073399,0.019,"{'A1': 11.537943283301594, 'A2': 45.968973287379384, 'A3': 62.762752072378014, 'y1': 0.04442354689011906, 'y2': -0.18795307334949626}"
600069.XSHG,1.9440493511545038,0.0,0.0,"{'A1': 30.0, 'A2': 60.0, 'A3': 119.79920516709181, 'y1': 0.005, 'y2': -0.005}"
002045.XSHE,0.16788293868470888,0.923413977860419,0.901,"{'A1': 3.3647248948302577, 'A2': 33.49106967849012, 'A3': 90.68628493734266, 'y1': 0.21256116754406654, 'y2': -0.07253620260023108}"
002040.XSHE,2.397077220227765,0.3275361975977488,0.0,"{'A1': 7.060086021490276, 'A2': 34.128795446110985, 'A3': 139.43996220257816, 'y1': 0.0719022378948469, 'y2': -0.026204311867996544}"
002041.XSHE,0.8590823936433546,0.9077475347615817,0.534,"{'A1': 2.770157843063934, 'A2': 35.58780634133013, 'A3': 91.10046543387429, 'y1': 0.12204640489804763, 'y2': -0.0949307368693454}"
002048.XSHE,-0.29907431920535227,0.7327521071600379,0.937,"{'A1': 2.113308467859316, 'A2': 37.9309426298321, 'A3': 100.66612643896589, 'y1': 0.19938713656793192, 'y2': -0.1562227008684029}"
600496.XSHG,2.049083252714416,0.3823262910215557,0.004,"{'A1': 11.537943283301594, 'A2': 45.968973287379384, 'A3': 62.762752072378014, 'y1': 0.04442354689011906, 'y2': -0.18795307334949626}"
600495.XSHG,2.706988410551139,0.16500241650255934,0.0,"{'A1': 11.537943283301594, 'A2': 45.968973287379384, 'A3': 62.762752072378014, 'y1': 0.04442354689011906, 'y2': -0.18795307334949626}"
600491.XSHG,0.1350485942010901,0.13924615555097603,0.511,"{'A1': 7.015355785324938, 'A2': 34.1213684232026, 'A3': 139.55653614860165, 'y1': 0.006735746583387315, 'y2': -0.053963146001433315}"
600498.XSHG,1.0018586838482104,0.3972638216146441,0.183,"{'A1': 12.51066014107722, 'A2': 51.60973480326474, 'A3': 60.01029373356104, 'y1': 0.09418810892639273, 'y2': -0.17138260129066296}"
600127.XSHG,-1.230163804077586,0.17369157631677917,0.974,"{'A1': 15.28142930690469, 'A2': 40.00567636372277, 'A3': 101.63944442049795, 'y1': 0.005, 'y2': -0.2}"
600126.XSHG,-1.729133399915788,0.07044243390387875,1.0,"{'A1': 30.0, 'A2': 60.0, 'A3': 112.49889314647582, 'y1': 0.005, 'y2': -0.2}"
000016.XSHE,0.08145302617315713,0.11967950986920255,0.517,"{'A1': 6.957283990628297, 'A2': 35.94793749292915, 'A3': 85.00340725898839, 'y1': 0.005961237301321816, 'y2': -0.0305573457677705}"
600088.XSHG,-0.2281509564266472,0.46764481628094257,0.858,"{'A1': 11.654326207281999, 'A2': 57.772566179297044, 'A3': 136.389046218571, 'y1': 0.17802751476676776, 'y2': -0.15721962992550037}"
600122.XSHG,0.01382136561380717,0.2988493386506877,0.659,"{'A1': 19.217436075416003, 'A2': 30.0, 'A3': 117.0494155739878, 'y1': 0.3, 'y2': -0.2}"
600121.XSHG,-0.5645065639474586,0.4139377229700809,0.918,"{'A1': 11.654326207281999, 'A2': 57.772566179297044, 'A3': 136.389046218571, 'y1': 0.17802751476676776, 'y2': -0.15721962992550037}"
600120.XSHG,-0.2441692297257612,0.594833828348444,0.911,"{'A1': 25.145817280077505, 'A2': 56.8919832560389, 'A3': 139.51726239166823, 'y1': 0.3, 'y2': -0.2}"
600086.XSHG,0.9676523427976547,0.6878668075652669,0.338,"{'A1': 27.24059108990996, 'A2': 58.03352924021604, 'A3': 149.706002848553, 'y1': 0.2872498428969295, 'y2': -0.18986234297653884}"
600082.XSHG,0.3807881350582558,0.1251938944155203,0.369,"{'A1': 7.015355785324938, 'A2': 34.1213684232026, 'A3': 139.55653614860165, 'y1': 0.006735746583387315, 'y2': -0.053963146001433315}"
600648.XSHG,-0.6121536070988752,0.1789733798378007,0.858,"{'A1': 25.095664671085835, 'A2': 31.94592738596304, 'A3': 94.48561121771425, 'y1': 0.03530252964900661, 'y2': -0.1227528361707115}"
600056.XSHG,0.2316178672106981,0.46632894779879563,0.655,"{'A1': 6.930732212004118, 'A2': 30.33026287285833, 'A3': 72.17181523035295, 'y1': 0.24156101416879538, 'y2': -0.09841283581285186}"
600640.XSHG,0.6067134808039086,0.030305879780742787,0.484,"{'A1': 30.0, 'A2': 60.0, 'A3': 94.150253111006, 'y1': 0.005, 'y2': -0.005}"
600641.XSHG,1.1193442556428763,0.03102744850767804,0.0,"{'A1': 19.251213160258484, 'A2': 51.537932463322626, 'A3': 150.0, 'y1': 0.005, 'y2': -0.18066682779398904}"
600067.XSHG,-0.252786733428929,0.4142890581430873,0.834,"{'A1': 19.84021237445957, 'A2': 45.127421532276585, 'A3': 83.49652297179584, 'y1': 0.1885791523281409, 'y2': -0.12067203625395544}"
600064.XSHG,1.7601122740747304,0.17652509911372982,0.005,"{'A1': 6.036509804343994, 'A2': 37.18120282491022, 'A3': 105.87205161902607, 'y1': 0.005, 'y2': -0.2}"
000428.XSHE,-1.2791290012387595,0.20483667575643225,0.987,"{'A1': 27.50441295744185, 'A2': 51.221432178291735, 'A3': 60.640051729816044, 'y1': 0.061712337043796896, 'y2': -0.08609948235791048}"
000429.XSHE,1.2358286396097975,0.0,0.0,"{'A1': 30.0, 'A2': 58.27330525106434, 'A3': 107.0094945217082, 'y1': 0.005, 'y2': -0.2}"
000938.XSHE,-1.4846467112468946,0.21460498804120864,0.995,"{'A1': 7.48788237749407, 'A2': 55.04393825713935, 'A3': 63.20732732599537, 'y1': 0.005, 'y2': -0.2}"
600061.XSHG,0.7790589204576073,0.3223325665627251,0.267,"{'A1': 16.513318730495744, 'A2': 36.4215442231014, 'A3': 148.44000987777758, 'y1': 0.13077475739368438, 'y2': -0.03911546165540397}"
000936.XSHE,0.9900663420914098,0.8528127319907448,0.416,"{'A1': 3.791799576672431, 'A2': 38.90098945746976, 'A3': 136.2904559189049, 'y1': 0.10567190724105963, 'y2': -0.01413813669372424}"
000510.XSHE,0.36523132749121123,0.3019434299178996,0.457,"{'A1': 12.51066014107722, 'A2': 51.60973480326474, 'A3': 60.01029373356104, 'y1': 0.09418810892639273, 'y2': -0.17138260129066296}"
000426.XSHE,2.2592822210356167,0.1881069820112795,0.0,"{'A1': 7.015355785324938, 'A2': 34.1213684232026, 'A3': 139.55653614860165, 'y1': 0.006735746583387315, 'y2': -0.053963146001433315}"
000420.XSHE,-0.1002260475683278,0.3333752203530815,0.728,"{'A1': 17.462109817837614, 'A2': 54.057525292091285, 'A3': 60.00637290958524, 'y1': 0.15269993143753133, 'y2': -0.1243121545186701}"
000421.XSHE,-2.3252643797138552,0.2874807551685179,1.0,"{'A1': 13.267367970553476, 'A2': 52.82607466617023, 'A3': 60.70602514826549, 'y1': 0.14339937015820434, 'y2': -0.14677785834772855}"
000930.XSHE,-1.0228675454482932,0.2637464278289837,0.968,"{'A1': 9.283114634844855, 'A2': 56.49777136949892, 'A3': 145.4109964909136, 'y1': 0.2996650043106669, 'y2': -0.006091955476267155}"
000548.XSHE,-0.053708122831791646,0.34803634627346763,0.727,"{'A1': 30.0, 'A2': 45.10360255416835, 'A3': 82.3926011229662, 'y1': 0.3, 'y2': -0.2}"
600995.XSHG,-0.29858473172710215,0.4030647408230568,0.833,"{'A1': 12.51066014107722, 'A2': 51.60973480326474, 'A3': 60.01029373356104, 'y1': 0.09418810892639273, 'y2': -0.17138260129066296}"
600991.XSHG,0.0,0.0,0.0,"{'A1': 30.0, 'A2': 60.0, 'A3': 150.0, 'y1': 0.3, 'y2': -0.2}"
600398.XSHG,1.7612928331347477,0.20981217837445615,0.005,"{'A1': 11.727335897952432, 'A2': 51.920903720685196, 'A3': 61.301210392943005, 'y1': 0.009164699516093154, 'y2': -0.18446611755731232}"
600399.XSHG,-0.7334420849241116,0.1965668797308049,0.901,"{'A1': 7.060086021490276, 'A2': 34.128795446110985, 'A3': 139.43996220257816, 'y1': 0.0719022378948469, 'y2': -0.026204311867996544}"
000949.XSHE,-2.3292925939695133,0.33425052542657396,1.0,"{'A1': 11.830043193190557, 'A2': 53.815628896688665, 'A3': 60.0, 'y1': 0.005, 'y2': -0.2}"
600469.XSHG,0.0,0.0,0.0,"{'A1': 30.0, 'A2': 60.0, 'A3': 150.0, 'y1': 0.3, 'y2': -0.005}"
600540.XSHG,-1.9768341759304537,0.32756141355940166,0.999,"{'A1': 4.22528178273058, 'A2': 38.00516928338443, 'A3': 136.55859991356996, 'y1': 0.13745446832362407, 'y2': -0.0614537715218669}"
600391.XSHG,1.3606676466276917,0.12155465633345215,0.012,"{'A1': 25.197749987713085, 'A2': 57.966573813443866, 'A3': 141.59337196499237, 'y1': 0.016998613588497892, 'y2': -0.014831934023646562}"
600460.XSHG,0.6694911009586998,0.9998746957151845,0.705,"{'A1': 5.05951188702952, 'A2': 52.504190738066264, 'A3': 76.72507930701738, 'y1': 0.14953925311521554, 'y2': -0.06021335546666781}"
600393.XSHG,-0.5576797981538204,0.3024714105791253,0.904,"{'A1': 7.629231916965119, 'A2': 37.645316555947915, 'A3': 88.87623098560263, 'y1': 0.3, 'y2': -0.2}"
600395.XSHG,0.0,0.0,0.0,"{'A1': 1.1695024960322953, 'A2': 36.46397371389719, 'A3': 91.18930003979348, 'y1': 0.19620717815008282, 'y2': -0.09018254653244699}"
600396.XSHG,-0.44621085758221923,0.41809198524307317,0.918,"{'A1': 2.228248341884701, 'A2': 34.07653855926273, 'A3': 90.91421066872624, 'y1': 0.13050076905124589, 'y2': -0.08982481092385616}"
000720.XSHE,-0.5984595440020346,0.3522729484863654,0.908,"{'A1': 12.308791985155397, 'A2': 57.38606038459939, 'A3': 61.00892599839639, 'y1': 0.18139581832941098, 'y2': -0.07279887009760691}"
000727.XSHE,-1.1751112853338759,0.3366741621918968,0.984,"{'A1': 11.884059396377925, 'A2': 60.0, 'A3': 140.26179681368913, 'y1': 0.005, 'y2': -0.2}"
000726.XSHE,0.7963278943695913,0.20936640665771564,0.205,"{'A1': 11.727335897952432, 'A2': 51.920903720685196, 'A3': 61.301210392943005, 'y1': 0.009164699516093154, 'y2': -0.18446611755731232}"
000682.XSHE,-1.7919981675741676,0.44696592278940317,1.0,"{'A1': 4.76312757424449, 'A2': 33.18957180663225, 'A3': 86.93831268170364, 'y1': 0.005, 'y2': -0.14308849755028158}"
000683.XSHE,0.0,0.0,0.0,"{'A1': 30.0, 'A2': 37.89473606735092, 'A3': 150.0, 'y1': 0.3, 'y2': -0.005}"
600861.XSHG,1.9450411128833078,0.17611843408173336,0.0,"{'A1': 8.687513662623159, 'A2': 30.0, 'A3': 125.67739753376516, 'y1': 0.005, 'y2': -0.005}"
600468.XSHG,2.2728156530755386,0.812145572964124,0.011,"{'A1': 12.51066014107722, 'A2': 51.60973480326474, 'A3': 60.01029373356104, 'y1': 0.09418810892639273, 'y2': -0.17138260129066296}"
000837.XSHE,0.27184156242333274,0.7690304565272529,0.784,"{'A1': 5.834550369752635, 'A2': 40.28706390080545, 'A3': 96.70853771971284, 'y1': 0.3, 'y2': -0.2}"
600267.XSHG,2.101035995317141,0.0,0.0,"{'A1': 30.0, 'A2': 42.675797669366645, 'A3': 120.14336629137495, 'y1': 0.005, 'y2': -0.2}"
600260.XSHG,-1.0928783374061575,0.3965976820607132,0.979,"{'A1': 6.93477478835256, 'A2': 46.58116250968737, 'A3': 92.78190341471198, 'y1': 0.005, 'y2': -0.2}"
600261.XSHG,0.34018933551313607,0.1960586669979873,0.456,"{'A1': 6.514441053301414, 'A2': 32.60730690194468, 'A3': 93.07755515713401, 'y1': 0.005, 'y2': -0.005}"
000831.XSHE,0.9021882575036403,0.0,0.0,"{'A1': 30.0, 'A2': 60.0, 'A3': 150.0, 'y1': 0.005, 'y2': -0.2}"
600263.XSHG,-0.3238696868681056,0.5975277631091407,0.932,"{'A1': 2.5918043525750867, 'A2': 30.660857525531846, 'A3': 100.55343830043489, 'y1': 0.08487348096727726, 'y2': -0.17311515915134057}"
600268.XSHG,0.16155795856457797,0.6665455218336316,0.773,"{'A1': 12.51066014107722, 'A2': 51.60973480326474, 'A3': 60.01029373356104, 'y1': 0.09418810892639273, 'y2': -0.17138260129066296}"
000752.XSHE,-0.22274988694986697,0.6944875477291348,0.931,"{'A1': 8.996958985861452, 'A2': 43.75388159922661, 'A3': 112.75239792176967, 'y1': 0.224210865423737, 'y2': -0.10753147085936458}"
000619.XSHE,1.7502192248044788,0.0,0.0,"{'A1': 7.015355785324938, 'A2': 34.1213684232026, 'A3': 139.55653614860165, 'y1': 0.006735746583387315, 'y2': -0.053963146001433315}"
000617.XSHE,2.1338436139977706,0.27995589559676626,0.0,"{'A1': 3.936430221328793, 'A2': 40.0832596692946, 'A3': 97.33227202475018, 'y1': 0.005, 'y2': -0.2}"
000616.XSHE,-0.16509036222120235,0.3339408869787877,0.776,"{'A1': 29.621394258265344, 'A2': 58.869479100312006, 'A3': 149.73268440404757, 'y1': 0.22122335352233413, 'y2': -0.1939299237420089}"
000759.XSHE,1.4192894808256915,0.16550385510062576,0.04,"{'A1': 5.728902803187879, 'A2': 47.77975786346614, 'A3': 109.93574611451285, 'y1': 0.005, 'y2': -0.2}"
600846.XSHG,-0.6440369488481451,0.07720783293009363,0.572,"{'A1': 7.015355785324938, 'A2': 34.1213684232026, 'A3': 139.55653614860165, 'y1': 0.006735746583387315, 'y2': -0.053963146001433315}"
600467.XSHG,0.1994210186812077,0.39956854781813433,0.621,"{'A1': 14.611507449297868, 'A2': 52.324486285184946, 'A3': 60.882577540543735, 'y1': 0.2551432354128388, 'y2': -0.05579913807750847}"
002129.XSHE,1.7743076707753136,0.8161847345110458,0.064,"{'A1': 4.2622843036887055, 'A2': 30.0, 'A3': 80.46480593692996, 'y1': 0.005, 'y2': -0.2}"
600692.XSHG,-1.8860211252680927,0.07578145724050009,1.0,"{'A1': 15.91512236995775, 'A2': 47.3005314879084, 'A3': 139.38295036195535, 'y1': 0.25200653437517045, 'y2': -0.05752003922271162}"
002084.XSHE,1.057532710287927,0.33907665226896505,0.147,"{'A1': 11.281296082787582, 'A2': 44.47710849381977, 'A3': 63.48753583625365, 'y1': 0.03162813054521955, 'y2': -0.190924721289862}"
002085.XSHE,0.604792837852966,0.28630564806480824,0.341,"{'A1': 7.861265292147762, 'A2': 34.24573134966714, 'A3': 141.32242620962302, 'y1': 0.005, 'y2': -0.2}"
600696.XSHG,0.5535202852913614,0.15082692806444276,0.359,"{'A1': 30.0, 'A2': 60.0, 'A3': 150.0, 'y1': 0.005, 'y2': -0.2}"
600592.XSHG,1.3586109522946406,0.5138773327186346,0.088,"{'A1': 18.244859222546143, 'A2': 59.9686295437838, 'A3': 144.71974114219245, 'y1': 0.08009965795709673, 'y2': -0.16828771369837492}"
600590.XSHG,-1.2243763612830736,0.31406912555300975,0.991,"{'A1': 4.272726777126105, 'A2': 30.0, 'A3': 100.99782945281517, 'y1': 0.005, 'y2': -0.2}"
600594.XSHG,-1.7474029565092375,0.32912099909509485,1.0,"{'A1': 23.12789666574173, 'A2': 31.236765188011105, 'A3': 75.44886388639536, 'y1': 0.2999045059263037, 'y2': -0.1957490827934406}"
600805.XSHG,1.0466682282867703,0.5273220303933142,0.247,"{'A1': 14.067465348430042, 'A2': 31.12960944373015, 'A3': 71.7201808788176, 'y1': 0.21317746058905815, 'y2': -0.10864526205559948}"
600168.XSHG,1.047889046973156,0.11905976694113139,0.111,"{'A1': 17.959647304562136, 'A2': 38.59259333874916, 'A3': 88.60833734558807, 'y1': 0.005, 'y2': -0.2}"
600606.XSHG,-1.825776545532316,0.08574880554592147,1.0,"{'A1': 7.015355785324938, 'A2': 34.1213684232026, 'A3': 139.55653614860165, 'y1': 0.006735746583387315, 'y2': -0.053963146001433315}"
600605.XSHG,0.34209826738254856,0.2681280043884749,0.484,"{'A1': 11.537943283301594, 'A2': 45.968973287379384, 'A3': 62.762752072378014, 'y1': 0.04442354689011906, 'y2': -0.18795307334949626}"
600162.XSHG,-1.8455145591520679,0.18015120795962514,1.0,"{'A1': 21.796850410315503, 'A2': 59.99183801978273, 'A3': 130.5322530615672, 'y1': 0.04961554376368267, 'y2': -0.10789638759428863}"
600160.XSHG,2.3086164224162458,0.35359617936342624,0.0,"{'A1': 12.318353132181382, 'A2': 50.59939800062305, 'A3': 60.40546542363133, 'y1': 0.08893295107413125, 'y2': -0.13677616207182378}"
600769.XSHG,-0.8577349383175447,0.3897453696582413,0.966,"{'A1': 4.043793538820371, 'A2': 35.80249197044755, 'A3': 90.20974210481847, 'y1': 0.02043231919905564, 'y2': -0.08200222780242859}"
600764.XSHG,-1.1224812905585886,0.25957272314869306,0.974,"{'A1': 5.684287089381315, 'A2': 45.757363102817266, 'A3': 112.32641816399813, 'y1': 0.005, 'y2': -0.2}"
600488.XSHG,1.2358287142817617,0.0,0.0,"{'A1': 27.562262151212295, 'A2': 53.22437280921336, 'A3': 60.0, 'y1': 0.026331241185437504, 'y2': -0.2}"
600186.XSHG,-0.620028422654748,0.37577792538045734,0.937,"{'A1': 8.996958985861452, 'A2': 43.75388159922661, 'A3': 112.75239792176967, 'y1': 0.224210865423737, 'y2': -0.10753147085936458}"
000501.XSHE,2.1966995264597937,0.09452547388567879,0.0,"{'A1': 7.220809401774357, 'A2': 53.29652746785398, 'A3': 60.0, 'y1': 0.005, 'y2': -0.005}"
600189.XSHG,2.618558474122979,0.16615220022358,0.0,"{'A1': 7.015355785324938, 'A2': 34.1213684232026, 'A3': 139.55653614860165, 'y1': 0.006735746583387315, 'y2': -0.053963146001433315}"
000504.XSHE,0.0,0.0,0.0,"{'A1': 30.0, 'A2': 60.0, 'A3': 150.0, 'y1': 0.3, 'y2': -0.2}"
001696.XSHE,1.0056720826974754,0.2752801851325306,0.152,"{'A1': 14.837560212468825, 'A2': 51.96980034571783, 'A3': 121.02564211322928, 'y1': 0.005, 'y2': -0.2}"
002019.XSHE,-0.5500358838360375,0.29001453775107827,0.901,"{'A1': 3.1875114919000005, 'A2': 36.82811289315181, 'A3': 91.1725852431765, 'y1': 0.29064469936397797, 'y2': -0.12153110010389825}"
002010.XSHE,1.0281299436570062,0.9693158188130201,0.452,"{'A1': 3.9204550209662536, 'A2': 30.25669083398989, 'A3': 80.81929121614361, 'y1': 0.027440201899795638, 'y2': -0.1949040623043149}"
600509.XSHG,-0.9457732043798699,0.2982569666006398,0.962,"{'A1': 11.654326207281999, 'A2': 57.772566179297044, 'A3': 136.389046218571, 'y1': 0.17802751476676776, 'y2': -0.15721962992550037}"
600501.XSHG,0.8610730316182592,0.6889336695103951,0.389,"{'A1': 11.537943283301594, 'A2': 45.968973287379384, 'A3': 62.762752072378014, 'y1': 0.04442354689011906, 'y2': -0.18795307334949626}"
600482.XSHG,2.2103879319797097,0.28029846057205726,0.003,"{'A1': 16.513318730495744, 'A2': 36.4215442231014, 'A3': 148.44000987777758, 'y1': 0.13077475739368438, 'y2': -0.03911546165540397}"
600507.XSHG,-1.732015831433915,0.0,1.0,"{'A1': 19.2983784385817, 'A2': 60.0, 'A3': 89.67885307119955, 'y1': 0.005, 'y2': -0.005}"
600337.XSHG,0.6153565160492971,0.13329063068608343,0.303,"{'A1': 30.0, 'A2': 60.0, 'A3': 150.0, 'y1': 0.005, 'y2': -0.2}"
600332.XSHG,0.3579061675456018,0.5784153623974015,0.623,"{'A1': 8.047802899506024, 'A2': 46.21200016834689, 'A3': 100.8512781166976, 'y1': 0.2934071980503362, 'y2': -0.13877281636261402}"
600333.XSHG,0.8733575685220749,0.47264856901408936,0.269,"{'A1': 5.059496904300645, 'A2': 37.956291690753574, 'A3': 96.29365482946844, 'y1': 0.259074554632305, 'y2': -0.1149050906726543}"
600330.XSHG,2.0990356792005045,0.3444639981335301,0.001,"{'A1': 12.51066014107722, 'A2': 51.60973480326474, 'A3': 60.01029373356104, 'y1': 0.09418810892639273, 'y2': -0.17138260129066296}"
600237.XSHG,1.1412795967370963,0.12257104299228042,0.091,"{'A1': 7.015355785324938, 'A2': 34.1213684232026, 'A3': 139.55653614860165, 'y1': 0.006735746583387315, 'y2': -0.053963146001433315}"
600232.XSHG,-1.0510940630046157,0.39378474066329067,0.986,"{'A1': 2.770157843063934, 'A2': 35.58780634133013, 'A3': 91.10046543387429, 'y1': 0.12204640489804763, 'y2': -0.0949307368693454}"
600231.XSHG,1.5371266011833151,0.0,0.0,"{'A1': 10.067068520223609, 'A2': 41.72891417848122, 'A3': 114.57106217092243, 'y1': 0.005, 'y2': -0.005}"
600339.XSHG,0.8704177281793405,0.09091763287908196,0.0,"{'A1': 12.559508599997809, 'A2': 51.34388665789196, 'A3': 62.251548649426596, 'y1': 0.0061607419856658146, 'y2': -0.09276878968402143}"
000576.XSHE,-0.5307052554154158,0.5310460750560091,0.954,"{'A1': 14.981713090611374, 'A2': 30.0, 'A3': 94.50319476861098, 'y1': 0.3, 'y2': -0.2}"
000573.XSHE,-1.4876173237564563,0.24723706071400206,0.994,"{'A1': 6.528470805143042, 'A2': 56.38479593438464, 'A3': 67.01016484930878, 'y1': 0.12708026678152856, 'y2': -0.09290871595021805}"
000570.XSHE,1.0555748554395223,0.4524136262313016,0.202,"{'A1': 7.34060412921067, 'A2': 30.0, 'A3': 77.45710574418905, 'y1': 0.005, 'y2': -0.2}"
000571.XSHE,1.2708917547668337,0.05483920860638708,0.0,"{'A1': 12.14201058225628, 'A2': 50.86263013115776, 'A3': 60.03653549923126, 'y1': 0.025466416102890212, 'y2': -0.17237445368919094}"
600343.XSHG,2.3072008712389045,0.19709454639651766,0.0,"{'A1': 10.135355901512309, 'A2': 57.916538767858064, 'A3': 72.19750412214891, 'y1': 0.005, 'y2': -0.2}"
000973.XSHE,-0.7215030355909917,0.6666905988943329,0.981,"{'A1': 12.14201058225628, 'A2': 50.86263013115776, 'A3': 60.03653549923126, 'y1': 0.025466416102890212, 'y2': -0.17237445368919094}"
000970.XSHE,1.134792552064736,0.9982951121023707,0.408,"{'A1': 5.44272520686587, 'A2': 35.86279391223538, 'A3': 93.76559998745506, 'y1': 0.24755732226266863, 'y2': -0.043445823280525014}"
000976.XSHE,-0.04600897359133588,0.5026236985049372,0.812,"{'A1': 2.228248341884701, 'A2': 34.07653855926273, 'A3': 90.91421066872624, 'y1': 0.13050076905124589, 'y2': -0.08982481092385616}"
600345.XSHG,0.33503960642591163,0.12122351224625175,0.548,"{'A1': 7.015355785324938, 'A2': 34.1213684232026, 'A3': 139.55653614860165, 'y1': 0.006735746583387315, 'y2': -0.053963146001433315}"
000975.XSHE,-0.323255018070251,0.35663460405505804,0.82,"{'A1': 2.4269855258733086, 'A2': 55.49903289687328, 'A3': 132.11531922729253, 'y1': 0.2079316028413603, 'y2': -0.05257724633279495}"
000978.XSHE,1.0179183968665084,0.4738754533699103,0.196,"{'A1': 12.51066014107722, 'A2': 51.60973480326474, 'A3': 60.01029373356104, 'y1': 0.09418810892639273, 'y2': -0.17138260129066296}"
600439.XSHG,-1.0626171186852826,0.04473724834485166,1.0,"{'A1': 30.0, 'A2': 60.0, 'A3': 111.22157006972142, 'y1': 0.3, 'y2': -0.005}"
600438.XSHG,-1.0782928996514758,0.10401828133155581,0.942,"{'A1': 11.254520214345277, 'A2': 59.193856825654365, 'A3': 139.07256468349146, 'y1': 0.27483479358796775, 'y2': -0.1147698676650057}"
000875.XSHE,0.0,0.0,0.0,"{'A1': 19.973028808877242, 'A2': 45.75805190390831, 'A3': 97.92061230710107, 'y1': 0.17377518245402793, 'y2': -0.13689835307345116}"
000655.XSHE,2.0385127522734265,0.12884031157753106,0.0,"{'A1': 7.258256343292881, 'A2': 55.60286926192859, 'A3': 66.85040242390652, 'y1': 0.005, 'y2': -0.2}"
000659.XSHE,0.0,0.0,0.0,"{'A1': 30.0, 'A2': 60.0, 'A3': 150.0, 'y1': 0.3, 'y2': -0.2}"
000890.XSHE,-1.3414717567452594,0.562263663110059,0.998,"{'A1': 3.9998946202769714, 'A2': 42.719412767256244, 'A3': 90.53931296936702, 'y1': 0.07779305111116332, 'y2': -0.09207220198762527}"
000712.XSHE,0.0,0.0,0.0,"{'A1': 29.95179138798188, 'A2': 40.6681883370988, 'A3': 122.77085627478992, 'y1': 0.21593274009709848, 'y2': -0.10366753338390838}"
000713.XSHE,1.0185329540814618,0.589561474406843,0.239,"{'A1': 3.015259088718483, 'A2': 51.9280194620725, 'A3': 60.0, 'y1': 0.1956910293254041, 'y2': -0.09565373587150636}"
600806.XSHG,0.04267683749935119,0.2908822745707654,0.625,"{'A1': 27.238719099350696, 'A2': 31.332878504247297, 'A3': 108.17638117689005, 'y1': 0.3, 'y2': -0.1887033315778905}"
000899.XSHE,0.602071417835247,0.18012390069827702,0.28,"{'A1': 7.015355785324938, 'A2': 34.1213684232026, 'A3': 139.55653614860165, 'y1': 0.006735746583387315, 'y2': -0.053963146001433315}"
600802.XSHG,0.22916149411401934,0.31057425719752396,0.549,"{'A1': 2.770157843063934, 'A2': 35.58780634133013, 'A3': 91.10046543387429, 'y1': 0.12204640489804763, 'y2': -0.0949307368693454}"
