,ir_test,ir_crl_mean,ir_crl_std,p_value
0,-0.6528614277211005,-0.6702274897720392,0.5308782592719534,0.5
1,-0.8842872693878177,-0.4993910036423132,0.567640851978893,0.74
2,1.9657611298487974,-1.0239477867654712,0.6451161619262444,0.0
3,-1.509803739408306,-0.2358981871718427,0.6095958494833447,0.99
4,-0.6014375948392918,-0.3929804850680111,0.5665082908295734,0.65
5,-0.5788177481511921,-0.6538631435664299,0.5357201529520882,0.4
6,-0.02417415899915263,-0.4418682957882249,0.5701001194559409,0.26
8,1.39769685092619,-0.7702075641094249,0.5971318599999095,0.0
10,-2.3111819800558706,-1.433184706699176,0.571414276008152,0.96
11,-1.4999999994474782,-0.07263172618805418,0.6659538042641268,0.97
12,1.1950924980388415,-1.1592078521179596,0.5632408612217114,0.0
14,1.2112697065157891,-0.44303889918680894,0.6187136381721173,0.0
17,1.522506486834089,0.13768888332160928,0.65013798750423,0.01
18,-1.7937182547011763,-0.36305514231499314,0.5809849031673519,0.98
19,-0.5611992507719196,-0.5386781943990082,0.6398804611132444,0.53
20,-1.821366385619265,-0.9447603029067192,0.6382211028234184,0.88
23,0.6602990847317456,-0.8528299448715001,0.6164313417841698,0.01
24,-1.683851596213417,-0.4270980009643512,0.6376064838936177,0.99
25,2.3934979505646035,-0.04213612602055596,0.5708118879933024,0.0
26,0.28419171871259397,-1.121228042780353,0.552141031858474,0.0
27,-0.8751407908082766,-1.414027157822616,0.5888737267767241,0.14
28,-1.2879473852353505,-0.45027175575395584,0.6107014199000989,0.88
31,0.11790608154308053,-0.4305752325648961,0.6647939489785368,0.21
34,0.3905029462068615,-0.6303286079480076,0.5491039225649678,0.03
35,0.23135362293716732,-0.6893896259364218,0.628184700997501,0.06
37,-0.13044318308968741,-0.4824705496194345,0.556332270591827,0.28
39,0.6465723180033165,-0.7709127943298648,0.6231460848994553,0.01
40,1.4768525874549574,-0.8961248698405696,0.5610986966238684,0.0
41,-0.7895192939265285,-0.158138273620298,0.6757567873293435,0.84
42,2.107486781198184,-0.9387022902507447,0.5442121504983295,0.0
43,0.21168748828426737,-0.39229923821703955,0.6066039974507248,0.17
44,-0.7382028524062267,-0.7890085513987799,0.6439039328114037,0.49
46,-1.5795569017646431,0.05940019697121529,0.5568283692620137,0.99
47,-1.0597678842951412,-0.6961435080003312,0.7117779219307839,0.67
48,-0.2380211768152511,-0.5786613960013769,0.5470659984071156,0.27
49,0.13223412904254317,-0.5133057898273019,0.6067083184898698,0.17
50,-0.8878250324616775,-1.3617666508047412,0.5717869263957955,0.21
52,1.7027065491106275,0.006441342439372594,0.5370270151539579,0.0
53,-1.3731805497326568,-0.2914842596178495,0.6034377112670637,0.98
54,-0.2620709829025288,-0.6986083290236164,0.6821321750436142,0.25
55,1.1228292387626375,-0.49675158061458896,0.6100914585024625,0.01
57,1.6478792790462795,0.6475405919205812,0.6387636884055471,0.04
59,1.826843008483378,-0.3428197488365297,0.5978213241542838,0.0
60,-1.445323263085342,-0.3798499440308551,0.6605026939058164,0.94
61,-1.7195425038360095,-0.8518337086297367,0.590617538138713,0.93
62,-0.5506319392174269,-0.47905121259393285,0.5597867857196397,0.54
63,-0.10509492332035239,-0.23462699329371917,0.5672825195209616,0.39
64,-1.4516058713270763,-0.3700230041439451,0.5962067377168709,0.96
65,0.5537367803998176,0.5193127455320755,0.6335033040463467,0.52
66,0.6070303588796601,0.24670109784576755,0.5929980503922266,0.31
67,-0.7580199655737815,-1.0739033745305253,0.6149595128167036,0.3
68,0.9134669757059387,0.7291473877490793,0.6361244878887304,0.39
71,-1.1524734614837575,-0.8183066084165648,0.641765384152885,0.7
72,-0.6199543042994577,-0.6613789298608616,0.5451601178756252,0.47
73,0.47137016770904766,-0.7694574341648014,0.6463759021041474,0.02
74,-0.3366791665069913,-0.6485273570955943,0.5582657564017217,0.33
75,1.2618996145952102,-0.2422984431921067,0.6027941391767063,0.01
77,-1.6704443335565458,-0.5425493771805254,0.6796213201789348,0.97
78,-0.7552768927967773,-0.6290884448362214,0.5349321983425464,0.56
80,1.2254660770156731,-0.411720326897664,0.6580464729004821,0.01
81,-1.6009788467448813,-0.05166850983911957,0.6857898807166979,1.0
83,-0.10911918158899392,-0.7373684860461078,0.6539452501149579,0.17
85,-0.7605021091498257,-0.5589307281539064,0.6485514929283474,0.61
86,-1.0232412122134091,-0.756980794822017,0.5625569842472514,0.72
88,1.0707767576027643,-1.046273474792714,0.6017425846625801,0.0
89,-1.7201836102361674,-0.31868969699428024,0.5403061630685164,1.0
90,-0.036123615443395374,-1.2053647200381294,0.6027399324249748,0.04
92,1.9046977820445905,-1.1498069108834474,0.6712656908649646,0.0
94,-0.7093268979196518,-0.45412768279278554,0.5751210956794298,0.69
95,1.9953108375113966,-0.7951635813505056,0.5761431104850072,0.0
97,0.3229953104094957,0.14649476208012652,0.6256201613694029,0.38
98,-0.3384510252838047,-0.9287061680685375,0.5897604089291943,0.13
99,0.9536064626305853,-1.132842688111304,0.6138128198068888,0.0
101,0.6745826680522169,-0.5285960984342055,0.5827578033092876,0.02
102,1.5946095356467018,-0.9290602917474331,0.6491058868640726,0.0
106,0.7724440928535563,-0.7457359907755228,0.5783008889637529,0.0
107,0.23633076719432342,-0.6797435843143933,0.5354287092395871,0.05
108,-0.2796658028679951,-1.177201844456195,0.6033377619862563,0.06
109,1.8853669962876374,-0.36538585548927904,0.5839197178218721,0.0
111,-1.0219815441795046,0.09483873546527657,0.6281741752580048,0.96
112,-0.10167100793222361,-0.9732093238545996,0.6389696754784248,0.07
113,1.7249506574370475,-0.21670142863164366,0.6116880741622547,0.0
115,0.07355368359523815,-0.3928204964435399,0.6528954721638663,0.27
116,0.9959570846844441,-0.8125932959844151,0.6074670829560656,0.0
117,-1.8352186163775916,-0.06301923698104847,0.6189763543657839,0.99
118,0.7824141538115714,-0.9341670887682733,0.5484711328204798,0.0
122,1.5195980695318816,-0.10333291573109527,0.72012052871506,0.0
123,1.8266306169658997,-0.9291518854107487,0.5707633360843622,0.0
124,0.3966688135778461,-0.43992545213761103,0.6519654524054191,0.1
125,-1.353036345625231,0.33764282321524214,0.5893509924693825,1.0
126,-0.03842949168139872,-0.3743486771596756,0.5636484454519007,0.24
127,-0.5123159476529375,-0.7299982047739484,0.5930045598460982,0.37
128,-0.013376241196374887,0.1023612242056749,0.5078640705885018,0.6
131,-0.6386183064382973,-0.9811545509559022,0.5795952599731304,0.25
132,-0.7013901725020805,-0.854446305444348,0.568889093705285,0.4
133,1.1140362606558738,-0.5398326724948784,0.6562833347499352,0.01
134,-0.8721387565169493,-0.5382998295622048,0.6479838264831556,0.72
135,1.7076890201593606,-0.9941929165868555,0.5267782500418886,0.0
136,-0.23212497119763295,-0.35965927194507363,0.6205030358223476,0.4
137,1.6248978517105759,-1.461422918016101,0.6172322257165231,0.0
138,-1.2688335167159062,-0.25037330307474187,0.5256988029135318,0.97
140,-1.1224972129610673,-0.004588281283271489,0.6037474361313209,0.98
141,0.7820107283843326,-0.38323364571802965,0.5818398178357355,0.02
143,-0.22871552030345912,-0.5772369495170662,0.5623585593802305,0.26
144,-1.5896996962853092,-1.0408560488937422,0.6268303233867081,0.84
145,1.122383351122211,-0.24655092046930016,0.5358728100795634,0.0
146,-1.2533997133418773,-0.4775862396039855,0.5673290562448964,0.93
147,0.2897389673971604,-0.6714782630990385,0.5658324715506334,0.05
149,-1.2175191744626832,-0.3490206470529128,0.7139587536497337,0.88
150,-0.2088785319369621,-0.5440644736377039,0.5944397409958725,0.3
151,-0.18488834110149321,-0.7257286223548196,0.5824675238256314,0.17
152,0.17952469274759178,-1.395622761727172,0.5938862919366125,0.0
154,0.022955961726215043,-0.6204074875552444,0.603851043442687,0.17
155,-0.6945720554594285,-1.0231312263344343,0.5779392544553846,0.32
157,0.7878279065094624,-0.45117585718395725,0.6138736140791093,0.0
159,-0.883035334824604,-0.5109765790297485,0.6099076730487633,0.69
162,-2.3925215896872216,-1.209376325687476,0.6352456114930939,0.96
163,-0.24632542605021918,-0.7570198647929506,0.6922890402452112,0.24
164,-0.7955967822845595,-0.010724222104574088,0.6033745210340895,0.87
165,0.6684387771834488,-0.30231947958296573,0.5973235156914296,0.04
166,1.1278207089663785,-0.613785042647316,0.642117016892313,0.0
167,1.097122289610542,-0.20083288009851505,0.602753098215536,0.01
168,1.1537791355115579,-0.9581275832485083,0.5962807889425987,0.0
170,-0.7932752172884598,-0.32246702940697153,0.5662830734628084,0.79
171,1.1157109229355866,-0.13148697166614343,0.6710157259654047,0.03
172,0.7172171609919883,-0.9732824727498087,0.609813778495929,0.0
173,-1.2413202413103612,-0.9301683757022898,0.5512501187413812,0.74
174,0.8601280408241199,-1.0544880360382083,0.6751323829193053,0.0
176,1.499999999674936,-0.5800122011265421,0.5890448824335712,0.01
177,-0.12044028821000735,-0.5676468390001164,0.6158400695612872,0.24
178,0.9545019984629391,-0.6736603535790603,0.5775643181250304,0.0
179,-0.31101798174511114,-0.2930187469129685,0.587741127464281,0.55
180,-1.9761848789978258,-0.6490131275642416,0.5269291535122758,1.0
183,-1.6904304329405098,-0.1922219570428698,0.6490212516421177,0.97
184,1.8724343281921025,-0.08522060243346936,0.630331751622826,0.0
185,1.1898446677786447,-0.626652102556852,0.5665794524557786,0.0
187,-0.8016036994495823,-0.39375063394820536,0.5743752956102106,0.8
188,-1.9248087934408904,-0.8644363167939143,0.6683538015546754,0.93
193,1.0756557696018652,-0.25365121089367526,0.6681469853857975,0.03
194,0.6664542638135201,-0.2792609919262957,0.6310696082522657,0.06
195,0.1000686646106929,-0.27178319298256587,0.6282705164239638,0.22
196,-1.2028710147866697,-0.8910769972291185,0.7140403169786114,0.65
197,1.7365130413248173,-0.8265000644563562,0.5901321491295753,0.0
199,1.6779663040024915,-0.9199468496488022,0.6363105473359473,0.0
200,-0.5982061102479168,-0.952426583435802,0.5501137129951967,0.2
201,-1.6056422812270295,-0.553086234754712,0.67130270905193,0.94
202,-0.5958603753408589,-0.48854272312072244,0.5965639983468963,0.55
204,-0.6177601568788594,0.2479052242297628,0.6681304160318591,0.88
205,-0.24730260810524363,-0.6870972440492493,0.5500277868989929,0.22
206,-1.2951919231165019,-0.5301510348064093,0.6466542183510218,0.88
208,0.19835047151222035,-0.6415997079721945,0.6686682318539892,0.11
209,0.0015106925698986334,-0.9784744588486943,0.5936130292714296,0.05
211,-2.639325898923237,-0.4831877889558653,0.6474431181452666,1.0
212,-0.14998059803960398,-1.040084444185914,0.5366367843690134,0.04
213,1.1916291854741163,-1.1563759484261702,0.5733682906547706,0.0
214,-1.047667593687053,-0.834201334082238,0.6280842615584489,0.64
215,-0.47682551427805486,-0.11682880149813232,0.5853624406961907,0.74
216,0.19124833480228287,-0.8420024870926239,0.6776979416482475,0.03
217,0.29040130831621197,-0.6431876013910979,0.5815885156363025,0.04
218,0.5474138608298705,-0.4818256774914672,0.664687124232688,0.07
219,1.0532868269833724,-0.7355259605819572,0.6475235948454221,0.0
222,-0.5542862494068335,-0.9240674071054278,0.5758150043003905,0.23
223,-0.6400755543158483,0.16773760310961675,0.6510276295583701,0.9
224,-0.7361691698635485,-0.9930928221144393,0.5835102480846623,0.24
225,1.645683783262431,-0.21158440529661957,0.5561284975616484,0.0
226,1.5175438119453444,0.3794175395582742,0.5372885267206002,0.01
227,0.5697083307156949,-0.8103850927014555,0.6263322519151917,0.01
228,-0.9190677176451831,-0.03471232376029269,0.5601581269749428,0.97
229,1.0522003406348728,-0.13199362082245875,0.5834197427791022,0.03
230,-1.071898699790253,-0.8700445465303521,0.6182128061144965,0.62
232,1.4596033020260288,-1.0403387757514981,0.6433280681559602,0.0
233,-1.8579698410440049,-1.0292176137931113,0.47579426764221244,0.97
234,-0.324328860090915,-1.362164425876875,0.7243782494670715,0.06
235,0.17686988067864456,-0.6407090926656573,0.595770439558577,0.08
236,1.9301249281753834,-0.9584351364565842,0.61570848654062,0.0
237,1.0331887216513542,-0.528518732127276,0.6881733344682651,0.02
238,-0.6183031121003563,-0.2539062177807207,0.6493681105566698,0.7
239,1.40177300532651,-0.5651819957430588,0.5844892200020341,0.0
241,-0.5237598289261844,0.29776447814266266,0.6318992789818648,0.91
242,-1.52081082578508,-0.7914436551590422,0.6003644006511516,0.88
243,-1.900243790624518,-1.0581589071324233,0.5213738948856652,0.97
244,-2.280310137263513,-0.11484112945106356,0.5733264047441965,1.0
245,-0.35161847959230197,-0.6682883092728954,0.6390987826435592,0.34
246,1.247755748266333,-0.6787259068372893,0.552350386889444,0.0
247,0.8332578930316488,0.043397193764055146,0.6077236456535527,0.09
248,0.13416704118847728,-0.8618959873509199,0.6316658021014724,0.05
249,-0.7683396356531934,-0.47625753130009274,0.6054114548898916,0.64
250,-0.36504123233212693,-0.15330532735507582,0.6269241788202796,0.67
253,-0.6300267426766791,-0.5817958202075728,0.6077124630360989,0.56
255,-1.4861496811199564,-0.8918554584723722,0.6568107372945069,0.82
256,0.37203056526015266,-0.6703180687403024,0.6679869891674836,0.09
257,-0.7824692500469161,-0.11943345448361589,0.6231633616111748,0.84
259,0.17551419968410742,-0.940852492194869,0.5857878773769656,0.03
260,-0.6446945361529954,-0.28099867734570977,0.6296519794786967,0.74
261,-0.5893972460035006,-0.8152391214634817,0.5392802980481917,0.35
262,-0.4530636777517633,-0.32890958893617095,0.6533350898203557,0.63
263,0.2978409541461153,-0.485619061714903,0.5542852185095206,0.09
264,-0.7106036497847471,-0.2611776954412787,0.6055815479910822,0.77
265,0.300671372829504,-0.264657512836322,0.6017560160920156,0.14
266,-0.7062728273467828,-0.3845938472984958,0.6578386564813086,0.71
268,0.22678690492132536,-0.3494460040146775,0.6051882671119201,0.19
269,1.007895123692735,-0.475269969009412,0.6023817121898944,0.0
270,-2.691523374679337,-0.3498094522570756,0.6040391638069288,1.0
271,-1.8847299017475552,-1.1717833950626797,0.5740431363644526,0.89
272,0.6732535185384287,-0.4480799711486388,0.5604290288757747,0.02
273,-0.8218130764288527,-1.0337667448303003,0.5334675290953269,0.38
275,1.4111106674830762,-1.2184030667353225,0.6614299943115126,0.0
276,-0.2975186220617422,-0.6311552306370793,0.6462857076635441,0.35
277,0.2889383856431161,-1.076162544036567,0.6214935546118621,0.04
278,0.05816141108137057,-0.6800356403647811,0.6044132559535305,0.09
279,0.6969990699040007,0.2499050611159904,0.5852656272860944,0.25
280,-2.011108610113593,-1.640892367635511,0.5925209108699857,0.73
281,-1.5680917809082477,-1.132498681861605,0.6764362744988022,0.76
282,-1.943235306924302,-0.7335202584558901,0.5161321487523709,0.99
283,1.3406963333933204,-0.7714527899242034,0.5263915664795129,0.0
285,-0.8020103139573237,-1.051106978977494,0.602305859634385,0.36
286,-0.782489060951818,-0.8885352007896885,0.582358875064957,0.38
287,1.9106123791205434,-0.3273975744713338,0.6488405530461165,0.0
288,-0.40559823965578046,-0.6217158801030603,0.5976807474804392,0.38
289,-0.9028201137365377,-0.4604403600952651,0.6904889695452312,0.74
291,-0.004816689465299059,-0.8023320516462273,0.5492249384869731,0.06
292,0.008547811121005175,-0.9893124977869018,0.6069958324573996,0.06
293,-0.5725789722877934,-0.5593616067756405,0.6073773196777554,0.49
294,-0.5514044908286855,-0.8178548160219227,0.6048293876593154,0.28
295,-0.35479735746046204,-0.3394955748273838,0.6062652315671176,0.5
296,1.575768205396292,0.6027171267457805,0.5563957469055937,0.05
297,-1.759142068275397,-0.8775362846069718,0.6654908847120985,0.88
298,1.5065562305769808,-0.9391390957609335,0.581718052657178,0.0
299,0.2694012014582056,-1.0642313144394395,0.6295311684428501,0.01
301,-2.5531939666269143,-0.6300108317180674,0.6242034525963611,1.0
302,-1.4942023873231303,-1.0485139228090856,0.6167452502923176,0.73
303,-0.7709619799076597,-0.5982338068812971,0.5933354572716703,0.58
305,1.7666784603300556,-1.005999705733404,0.6268080347753585,0.0
307,1.0736738829963477,-0.1718784562056636,0.5823869728584172,0.01
308,-0.17810938604670198,-0.5565481292144304,0.5311206057564203,0.25
309,-0.3527420782023189,-1.301189551769055,0.590510149257672,0.04
310,-0.6787516470819875,-0.7590287501842278,0.6504735588063839,0.46
311,0.3092368388835942,-0.8231013390425338,0.6424445492001434,0.03
313,-2.5366922348810315,-1.2114865394127439,0.595255508895465,1.0
314,-0.9624036128085203,0.49543510902121407,0.5890730934035026,0.99
315,-0.29361320177723876,-0.6445435684064091,0.6424659489142148,0.28
317,1.4535359141150426,-0.09007567326063376,0.681535926894214,0.02
319,0.395759357698539,-0.8279056831662182,0.5976722043992472,0.02
320,-0.4388447364374301,-0.9976685817053265,0.6605685055963741,0.2
321,1.1846503652347316,-1.184114097737946,0.6669317475185141,0.0
323,0.058561774280308634,-0.2276811563992219,0.6270437707598466,0.34
325,0.692957636363672,-0.737966057219516,0.5587725101174625,0.01
327,-1.180203996491228,-0.18634042439622633,0.5619365224275454,0.97
328,0.2597426617880761,-0.7788797439624844,0.6311729417656997,0.04
329,-0.8779763957659109,-0.7513026105224901,0.6257368808096844,0.56
330,0.40967268353805,-0.6932406895197123,0.6100051599157957,0.04
331,-0.09815545556393193,-0.6243358491700112,0.6289504822791967,0.19
333,0.9922199082269929,-1.1711046798590172,0.6248258240793306,0.0
335,1.0842781899951581,-0.8473318016195961,0.6869205442543519,0.0
337,-1.3157144649001635,-0.3056055993280502,0.6430238310255582,0.93
338,1.0748439041740878,0.05247988108847826,0.688829579942596,0.07
339,1.6330244052443836,-0.780031326839011,0.5428693739684465,0.0
340,1.482886215660994,-1.048933358199552,0.573422285301555,0.0
341,0.5869076821537688,-0.20782146518598898,0.6304876076173199,0.11
342,0.8207310499488664,-0.18652664341186107,0.6045387110019097,0.04
343,2.226946960444529,-0.4786966521717902,0.7335876419358446,0.0
344,0.727526746553462,-0.9883662998645595,0.6505690365109712,0.01
346,-1.5041350623867147,-0.8217918393706767,0.6277868522606148,0.86
348,-1.092129680258899,0.12570640719020126,0.6342129383614864,0.98
349,1.5951437487419173,-0.32440014713513,0.6593389501386432,0.01
350,-0.8087211191478222,0.3550845588625214,0.6082522107919038,0.97
352,0.41232420160916894,-0.250534222593793,0.6183256827861662,0.11
354,-1.8175027998034987,-0.9028400198273367,0.6568937937431807,0.93
355,-0.03569837208225603,-0.05589949985628673,0.6231749124347913,0.49
356,0.784814307496037,-1.2374219142945397,0.5865181012834716,0.0
359,-0.5613371180439468,0.13931367263716693,0.7213833719901832,0.84
360,1.174566336793775,-0.20961971301834084,0.600002451022676,0.0
362,0.1100371772213136,0.1955217755078909,0.5851777495172804,0.53
363,0.3318587225602938,0.284504699589749,0.7475963034498386,0.49
364,1.2294763293276567,0.10322407550644483,0.6165064442925967,0.03
365,0.427143678687301,-0.7460862891218949,0.5737458074388702,0.02
366,0.1613897446696623,0.252706400530436,0.6299021923458945,0.57
368,1.684563071219081,-0.6222003608612163,0.6204853945003804,0.0
369,1.516734112557964,-0.42339714083903535,0.5731360081878839,0.0
370,-1.5247758482207074,-0.10042695276433138,0.5603737294172121,1.0
371,-0.2619154287683898,-0.5439973474170922,0.5231493002385877,0.25
373,1.13816015084161,-0.21651298279137332,0.5587775516043909,0.01
374,0.350201689646605,-0.5654674449049972,0.596051764309145,0.08
375,1.8106730005293443,0.11753845903376663,0.6066555263134578,0.0
376,0.41477970724760516,0.036939529676984745,0.6592837095470873,0.3
377,-0.6443812323223435,-0.17753139097645743,0.5980380102553702,0.77
378,1.1123409475031598,-0.9757910227518529,0.6012096814968888,0.0
380,-1.250035583206242,-0.41243409018408966,0.5563356711069769,0.92
381,-1.1908269911654077,-0.05203370277485203,0.7090799809666793,0.94
382,-0.930094094549659,-0.38250918016755014,0.7000871023498993,0.8
385,-0.565924153849047,-0.7333599197383294,0.6150515036029347,0.38
386,-0.0889439331364753,-1.0123980718147028,0.5356529427134602,0.05
387,1.0583681199439399,-0.4891709753476375,0.6067404360925321,0.01
388,-0.1311085131190196,-0.45839935072016624,0.6449409606350662,0.32
389,0.7690032983290009,-0.23570108387829258,0.6350635513400693,0.06
390,-0.5724563104612382,0.24584003907810595,0.5794915257994017,0.88
391,-1.0946190789723156,-0.5456927377350806,0.5316270783882202,0.87
392,0.022407149046295073,-0.22912021886481948,0.6615630589353123,0.34
394,1.4455454408742514,-0.39141233722396435,0.6353142535156664,0.0
395,-1.029230012451767,-1.663414215173324,0.5802365648418636,0.12
396,-1.1541211924903392,-0.5610644340344626,0.58135004454482,0.85
398,-0.9649398449373453,-0.39713273252011416,0.6017157349589685,0.82
399,-0.4215235540053232,-0.09620152041655725,0.6431862477266002,0.68
400,-2.269069048547945,-0.7136924678545471,0.5976234741136909,1.0
401,-1.106029371262368,-0.17348640962104825,0.6839741256997696,0.89
403,-0.461182142815883,0.32453510092267274,0.6296351753113415,0.89
406,0.5835066002519502,-1.1342216761978041,0.6243241390220448,0.01
407,0.4327370753990715,-0.4882113809182204,0.6527408278611151,0.07
408,1.115127931189207,-0.540171884710686,0.5800183022471427,0.0
409,-0.718294251873116,0.29285471769522486,0.544153036969875,0.98
410,-0.4990315861037711,-0.7498102729156632,0.6611758695002801,0.35
412,0.33461117589805695,-0.3995851464169282,0.5874162842235358,0.11
413,-1.4767642353829034,-0.4253194864859843,0.6031651529341706,0.97
414,-0.36861962902751133,-1.1266302679084335,0.551953346292405,0.07
415,-1.950456993952425,-0.28561730827050563,0.7461225000261484,1.0
416,-1.2165037043958309,-1.0946989272421237,0.5809260521430348,0.63
417,-0.2823209651615708,-0.03526796234769762,0.660446469623023,0.69
418,-0.19165171332927253,-0.4303374450088743,0.6983872576566551,0.37
420,-1.6228922182393486,-0.11133793468113075,0.5938507401254622,1.0
422,1.1093054839342353,-0.5057478861037752,0.5758450416523095,0.01
425,-2.547539337192344,0.33078507021931325,0.5536655259157186,1.0
426,0.14611520577221904,-0.3156933034302901,0.6364439093395844,0.25
427,-0.4788680396788258,-1.1875204085678075,0.5105584557257715,0.08
428,-0.062405276653055335,-0.8047464796309071,0.548812157875227,0.1
430,-2.0056589578425323,-0.29253026191950166,0.6673893657954262,1.0
431,-1.1766535108702096,-1.1657358537115927,0.5740918525858341,0.52
432,0.7061503906014235,-0.788836594905316,0.6248195366199246,0.02
433,-0.27984935271458933,0.22845213625492367,0.6568606535822444,0.75
434,-1.652331226939233,-0.24998589129602625,0.5758278116352781,1.0
435,-1.9822301368441129,-0.9122205511395923,0.561613754262304,0.98
439,-1.7798709639112467,-0.5976824479669774,0.5912892699114506,0.97
440,1.3613381270489342,0.4112503629125069,0.6122594118422013,0.05
441,-0.04810776689171885,-0.06511903271947647,0.5753257814666378,0.47
443,-2.313906076971837,-0.5947993140247688,0.6911778945140837,0.99
444,-1.1442042163844746,-0.012726120382987727,0.5627181624265153,0.97
445,-1.3900524169814379,-1.2627465710587138,0.5662086415864638,0.57
446,1.2175191745399612,-0.9854167493959329,0.5775857309050649,0.0
447,-3.294189802961168,-0.37639512712226064,0.6851342227401197,1.0
448,-1.895825479251711,-0.21415167741636534,0.5896443524780979,1.0
450,1.5973913952644985,-0.6399009252089547,0.653367133977549,0.0
451,0.19896797273712047,-0.506302033705123,0.6207614590973043,0.14
452,-0.7189706815617781,-0.7854310523916322,0.6112322275147746,0.44
453,0.9893901532642757,-1.5921387071907487,0.6584876839103944,0.0
454,0.8287355925227038,0.1915901847507458,0.639122853450701,0.15
455,-2.295893711879876,-0.3444151642686968,0.5867235361023656,1.0
456,-1.2034868120119186,-1.0919997745218042,0.6369004650007082,0.62
459,0.35895113878395607,-0.827265906104256,0.6302767112538374,0.06
460,-0.4795619681980291,-0.32032052165490094,0.6237692289000738,0.63
461,-1.3285407645105718,-0.3516364375657543,0.5825398692713724,0.94
462,-0.3734474822741859,-0.32460934981212275,0.6138443427945572,0.58
464,0.2789958794573142,-0.01349800187433607,0.5873704027626014,0.33
466,0.9278518240083146,-0.6161467862042761,0.6393311929181136,0.01
467,0.5158424022511653,-1.1323784468418645,0.5364177770158994,0.01
469,-0.44055939890783324,-0.5190059541340252,0.6375206269131334,0.44
470,2.3252970732604945,-0.6097050691178343,0.5758207432020904,0.0
471,-0.8829021134085924,-1.1379460600491311,0.599058538066973,0.35
472,1.248290700973458,-0.16319908814211545,0.5637190802984458,0.0
473,0.9921567412011711,-0.57998137683021,0.5966231008015984,0.01
474,0.3201154063414117,0.15908344159558588,0.5928495788038712,0.38
475,-1.6153712588477624,-0.379068965660685,0.7149059993187902,0.95
476,1.9243693963399402,-0.6374321458536856,0.6489998707925206,0.0
477,0.1661100123650115,-1.1224802432717085,0.5374854453593635,0.02
478,-0.2941011761745893,-1.0713989472204242,0.6064412622800087,0.11
479,2.267532720866729,-0.19951405224677182,0.6423674810825087,0.0
481,-1.4265795549121316,0.056071916119350515,0.5762099711031121,1.0
482,-1.550998061292543,0.038898143474277225,0.6389563618706678,1.0
483,0.49112713818747844,-0.25452919671922236,0.6033457613882649,0.1
484,1.6733200520015163,-0.14668975235634213,0.618513338804273,0.0
485,0.8649357332182814,-0.9012731872192726,0.5898397458579783,0.0
486,3.2649379492484054,0.7123271823315724,0.6264507047802593,0.0
488,-0.988326961813442,-0.606288260404819,0.6262385608747553,0.76
491,-1.5624973983224635,-0.48672267503969563,0.645658066542072,0.93
492,-1.3291762652398769,-0.8017062509396792,0.6253682710713909,0.8
493,-1.268937059465316,-0.6885870648267902,0.6036339832304936,0.81
494,1.0982563423872245,0.05468338015752665,0.5627582206475619,0.04
495,-1.618337486397702,-0.13331825898582073,0.5476620134522703,1.0
496,1.4613668987088857,-0.0597937638593219,0.5870942723652395,0.01
497,-0.8999798390542498,-0.43771677687619936,0.6066627963032035,0.75
498,-0.1961150730873796,0.007955189558042301,0.588321005366621,0.6
499,0.3934252112053529,-0.3606274298314485,0.5926409359506192,0.12
500,-0.8584305467710233,-0.18092026438955527,0.5605412737842955,0.87
501,0.8942444173325839,-1.1340690936963593,0.4877422446930599,0.0
502,1.478127392878034,0.2661211552147964,0.6493905402840346,0.03
505,0.3398770633585605,-0.33385085797092856,0.5818852919565587,0.14
506,-1.3013942796512779,-0.39818153742862417,0.7129816642630495,0.87
507,-2.0538901479777736,-0.5950498558509412,0.6076599954908477,0.99
508,-1.3970086972774103,0.35359789393103314,0.5828454364772587,1.0
510,0.6194321502448766,-0.45972930210528706,0.5584358589254503,0.01
511,0.7774057534873988,0.749960592256437,0.6157131471071479,0.47
512,2.4424863077526133,-0.6843917070032215,0.6148674813894006,0.0
513,1.3112403699132444,-0.2684692524586513,0.5501605834773792,0.0
514,0.5241030757325646,-0.8105007464375998,0.6957112720013963,0.03
515,-0.061153239732495354,0.09185323159714388,0.5921557115663553,0.55
516,-0.11464258169291244,0.4338922617571882,0.6477239462765794,0.8
517,-1.9700091619253177,0.19731439569889775,0.6532214235708985,1.0
518,1.4144667135696936,-0.06027458378966168,0.5280836944248644,0.0
519,-0.6934846470534617,0.049336157991042705,0.6382724135102016,0.84
520,0.6453298501117511,-0.7586708914996636,0.6526972238146513,0.01
521,-1.750662051421392,-0.2172078812249669,0.5103767924260464,0.99
522,0.35816944109687665,0.2774358343310059,0.6388286963111337,0.46
523,0.2344304712775262,-0.10017060873393252,0.5943098834111452,0.3
524,-0.03882858595713155,-0.04353084115420172,0.5851685407604146,0.46
525,0.6244317866897785,0.035443063032352916,0.5682880120184318,0.16
526,0.8995123923390125,0.4964351229641,0.5980315065157201,0.26
527,-0.8688224168111409,0.146426651807936,0.6587866243254319,0.94
528,-0.2319668969518406,-0.02174881792069991,0.5548380192624115,0.67
529,0.26862732225096736,-0.321078399157236,0.6035057949295463,0.17
530,-0.6994675837707259,0.12668446897103558,0.5550571497244259,0.95
531,-2.2272707178313396,-0.4895068834885577,0.5854129754300297,0.99
532,-1.9510190335841855,-0.6222109588827367,0.5968168568943293,0.99
533,-0.8579636789638484,-0.024775796515460528,0.5313199239073516,0.94
534,0.7108797404717592,0.6888269452989895,0.5874299979369759,0.48
535,-1.1782233146429528,-0.28737693382051593,0.6330775084817913,0.93
537,0.6250190777805839,-0.8570942577286692,0.6019336551876685,0.01
538,0.09890877069010107,-0.36959974775111787,0.5960853662703394,0.26
539,-0.3864069705028942,0.8636806965045194,0.6333675740387875,0.97
541,-0.9468566550001292,-0.34890493743017376,0.5443251182984193,0.86
542,-1.0233265219857375,0.30714178896359035,0.6522243613727982,0.99
543,-1.0707704140165366,0.8239215670237044,0.6018018628268541,1.0
544,-0.30370156572507573,-1.12947510029884,0.6244621846444631,0.13
545,0.5671791234635944,-0.5636536759342223,0.6271806897363508,0.04
546,0.8811219167307245,-1.2779332170585156,0.5131054697746213,0.0
547,0.8333618852191271,-0.080456579779145,0.598453004855347,0.07
549,1.9584772334943232,-0.785004542845565,0.59155204025992,0.0
550,0.74200972315451,-0.9793874612066841,0.5319441132419459,0.01
551,-0.7884131425088143,-1.0664768251044066,0.6244406917931,0.36
552,0.757902647387608,-1.0988734320095537,0.598209216239607,0.0
553,1.2175191746396714,-1.001982170920023,0.7267194458349997,0.0
556,1.3048765083643277,-0.4273675888546746,0.5652560336039236,0.0
557,0.2097738339181764,-0.6678099286569638,0.5984806679942867,0.09
558,-0.7993383582137737,-1.2507799399916364,0.5827226606906787,0.23
560,0.20986852380702153,-0.5965204221043066,0.6661838088975536,0.14
561,-1.5794575068794154,-0.90651238499903,0.5584102546667492,0.87
562,0.8716188354983097,-1.6469624010680541,0.6919621171291331,0.0
563,-0.5966291704758941,-0.8127629116080983,0.6540520210927715,0.39
564,-1.3551990866837402,-0.4801600357040574,0.6180467384698658,0.91
567,-1.0048594082072668,-0.3461197951986311,0.5744709823541028,0.85
569,0.3532971803941275,-0.6480380704136373,0.6270865002565372,0.05
570,1.6916490640644832,-1.5532159760197277,0.6108795457930257,0.0
571,-0.7541024739459663,-1.0036338829484932,0.6051990042311016,0.41
573,0.3042774647222839,-0.7681369556261022,0.5810992787897722,0.03
576,0.9543962223438475,-0.4847298509790842,0.595733078328915,0.0
578,-0.23078759185401457,-0.9193323937523249,0.5866461411459969,0.15
579,-0.726256507211497,-0.3938750676253784,0.6485130353825074,0.73
581,-2.1298475480744723,-0.6847944550855364,0.5981389455358689,0.99
582,-3.4527484130525394,-0.32485406748528645,0.6031309105328028,1.0
583,1.4044590976676303,-0.751428039966412,0.5646437549449893,0.0
584,1.9962687226201685,-0.9629141562057605,0.5475126743014859,0.0
587,0.1526644646770543,-0.44612679438730646,0.6172660066830556,0.14
588,-2.1279757804216923,-0.30438988186239546,0.5952220595813987,1.0
589,-1.350782177888851,-0.6691356211065522,0.6107931863638898,0.88
591,-2.072145548154092,-0.8221350003802803,0.5784952907959273,1.0
592,0.9236414225803028,-0.9485026707344685,0.638661494047653,0.0
593,-1.1199031220425162,-0.8944205170238032,0.6084893302161695,0.65
594,-0.8779645777453335,-0.3158036725880498,0.5750395621056474,0.85
596,0.27295453685648746,-0.6291220067043096,0.6595069147236148,0.09
597,-0.9487183902547398,-0.4023848975127985,0.5721241422981354,0.81
599,0.9568374949189973,-0.41855736809866256,0.6069770704251023,0.02
600,-0.5772360501157101,-0.9429875386142947,0.6512820213990846,0.28
601,0.8247630974660475,0.5872352803213263,0.6721889205760567,0.33
603,0.8172100894999955,-0.6324174216508518,0.6572655518910904,0.02
606,-1.3590559122446604,-0.6776398754795347,0.6377406412277971,0.83
607,1.5056899635104941,0.08468760888688438,0.6599436624072389,0.02
608,-1.327914165483096,-0.3865160936996538,0.6331927579054941,0.94
609,-2.6110691054138533,-0.3097575357788205,0.5034905713131932,1.0
610,-1.0877637315619664,-1.4210276005991846,0.6450546527061517,0.31
611,-1.9148362895010949,-0.540359267354091,0.5283453526834289,0.99
612,0.7135764168350852,-0.9994129446845786,0.5473847899931431,0.0
614,-0.6114442723120119,-0.33757873606387184,0.6373845395971389,0.67
615,0.48949781036149215,-0.6094624606376644,0.5540190942290062,0.02
616,-1.1796238731355548,-0.8014507539510325,0.6276969481326011,0.7
617,1.2424051094885393,-0.31933596382142804,0.6238709578632657,0.0
618,-1.1947251661711096,-1.043328253824994,0.6526278635636829,0.52
619,0.12596346259979155,-0.2015126122364162,0.564886369257962,0.3
620,-0.5879626673666852,-1.0519129149147979,0.6033293897703639,0.22
621,-0.7810746313427378,-0.12531659312857737,0.5777193454621183,0.89
623,-1.952428492654057,-0.8183454418114446,0.5445869435021805,0.98
624,3.291276792974943,-0.5154763806144639,0.6023890205034345,0.0
625,-0.7108490524709987,-0.255004755127008,0.6769214805045197,0.76
627,0.7656279419599057,-0.4106502221953201,0.6271413382900478,0.01
629,-1.067745701302051,-1.3050264868551096,0.5474733705024418,0.34
630,-1.7866881066464297,-0.4515916699262428,0.6515433590844483,1.0
631,0.436874496865559,-0.00506704948857754,0.537606586551763,0.23
632,-1.2513745940118841,-0.49879216243910673,0.6277166949504442,0.88
633,-1.167820452654646,-0.41362116373642516,0.6713537156182364,0.86
635,-0.43328586644205985,-0.9011995931296714,0.5714842709880189,0.22
636,-1.90028448534771,-1.0214802011973252,0.7002832558143647,0.87
637,1.046151726515122,-1.0880708952317535,0.6720631238648306,0.0
639,1.069016495192519,-1.0276637520353793,0.6836597631538122,0.0
640,-0.040657765817633716,-0.8699497421500169,0.6020787995473165,0.07
641,-0.2865308867803201,-0.4027400444817495,0.5877478698401876,0.39
642,2.00016911809165,0.22618391315998873,0.6030620644316511,0.01
643,-1.4195287824633889,-1.1946668846003525,0.6915770527631748,0.61
644,-1.3982014369973155,-1.0076026726959308,0.5446339722506311,0.73
645,-0.13461669024828732,-0.5117724404531796,0.6153476308732537,0.28
646,0.8105809146480353,0.12792539565868347,0.6016793384787925,0.13
647,0.35461375464307826,-1.3694626333267161,0.6383535262350343,0.0
648,0.45072251548494946,-0.8722563105834412,0.612987761232617,0.01
652,-0.8650043671794275,-0.37967109545772054,0.5434660413806355,0.82
653,-1.9595826232517748,-0.8245620807673961,0.593363489888296,0.97
654,-1.2490269338076152,-0.492477219915487,0.6356534425721169,0.86
656,-0.3937378886697692,-0.5233967662464041,0.5760083378037244,0.41
660,1.3370710983618959,-0.5033991109732655,0.6458997424883989,0.0
661,-1.038756055872057,-0.31461609334826196,0.5616501560250562,0.91
664,-0.2085422531457178,0.1834662210985343,0.631131645326925,0.73
666,-0.2732143734962821,-0.1639688134912731,0.6647579530373618,0.58
667,0.5514569870686374,0.05403695480213388,0.6191730434900578,0.2
668,-1.4701967623533758,-0.7023168947508198,0.5727833575940808,0.92
669,0.7250289562843957,-0.16860704074290228,0.5048467518983818,0.04
670,-0.5431228374294983,-0.4796970543678576,0.6297115312067925,0.48
671,-0.9883036908011921,0.06568857008604403,0.6134330814798056,0.96
672,-1.3210821985474455,-0.48783154992270944,0.6004569751001221,0.93
674,1.6572166759482336,0.01511435514479233,0.6772563203964318,0.0
675,-1.467382061769103,-0.6854223641039622,0.6105046902210508,0.92
677,-0.4360265460666266,-0.5981666228265072,0.6187720075266302,0.46
678,-0.17020938341634087,-0.10125684768791411,0.679801080464389,0.52
679,0.1951410254415661,-0.4912463997786925,0.6304658046999202,0.15
681,-1.1964482057915136,-0.46336930983073715,0.6164936712244373,0.86
683,-0.7305385101666347,-0.41154824566114584,0.5736962096810267,0.69
684,-0.4786992184071593,-0.6696424213964144,0.6225856099520537,0.4
685,0.8501305538339017,-0.3419938798433103,0.593652878578325,0.02
686,0.7957109245822024,-0.1325199209496327,0.6234885367231849,0.08
687,-0.287259515138446,-0.5663495304174598,0.6405015495876182,0.32
689,1.5949485820251448,-0.33310739197454375,0.5771163440059979,0.0
690,-0.7347132239814654,-0.5617035689874822,0.6802692626288065,0.6
692,-0.6132507599412094,-0.32681228595544354,0.6740837781308954,0.67
693,-1.298593436522009,0.025475111604142942,0.5591586488255951,0.99
695,-0.5896809621035362,-0.4968145219956799,0.7029508532988622,0.52
697,0.9251176899750687,-1.6380180058642566,0.5216110365281592,0.0
701,-1.033150620052198,-0.6636111651528884,0.6010587603699303,0.75
702,0.3908526160729863,-0.08384739259019444,0.5986113868503858,0.19
706,-1.8397772294654267,-0.48998802146560394,0.6107393497826749,0.98
709,-1.2007480374973198,-0.23490617162768296,0.6265413941974979,0.96
711,0.7394643603630732,-0.6127168210724668,0.6594047043934196,0.01
712,0.8903642744668762,-0.31807570853546396,0.6397916803704562,0.04
713,-2.1059764064967124,-0.43238204061703606,0.5534667941039424,1.0
715,-1.3537522149657624,-0.14045782202450408,0.5816204233640222,1.0
716,1.4064547112768486,-0.6181044055732614,0.5843445747941559,0.0
717,0.28347735134227003,-0.8391955157798746,0.6740989472191083,0.03
719,2.4684011497871508,-0.7583390172130301,0.6095435069867213,0.0
720,0.1094522837681978,-0.46346155801062694,0.6567263475035537,0.13
721,0.46777414810683443,-0.3675559102546003,0.544320373207301,0.09
722,0.9053438980605423,-1.2707854782831205,0.6234265346686624,0.0
723,0.25012507233343884,-0.10253561283113966,0.6335234416022025,0.3
725,-0.8347314219571654,-0.8914187443435126,0.5308594461902325,0.5
726,-0.6757965714130753,-0.7673920657134261,0.6842481577674603,0.43
727,1.262145535486959,-0.8817235778158491,0.612160397829435,0.0
728,-0.7638592262554292,-1.4571616457974748,0.5307898709466174,0.13
729,-1.057939000694957,-0.80655835458282,0.7410914096606952,0.6
730,1.192398264225216,-0.3081142282329944,0.5767385234430353,0.0
731,-0.4356387785180104,-0.721610260078105,0.6189026775680617,0.3
732,1.107694875790975,-0.905676048907858,0.5469852390141715,0.0
733,1.546816980436916,-0.5853802516605077,0.6508246905709423,0.0
734,1.6063826101416836,-0.488111237690577,0.6081775370207229,0.0
735,1.1350495909054579,-0.5576229976564728,0.5930849870084778,0.0
736,0.3992636621960885,-0.6086087977468322,0.6815604624523953,0.07
738,-2.018450178368024,-0.7116948577000857,0.6006637505155057,0.99
739,1.2968644648842396,-0.5169710439336133,0.6390910110972511,0.0
741,0.1518532444148001,-1.06033113793744,0.5132047840306562,0.0
742,1.206377703708161,-0.7730026392548507,0.5824517329253366,0.0
743,1.930004210673571,-0.46065416918793006,0.5920837249793055,0.0
744,-0.8315793067246758,-0.6742992376703866,0.664549638231404,0.58
745,1.0592510209236308,-0.8183338218973435,0.6170590694175189,0.0
746,-1.05992391291195,-0.5776607572061115,0.595229619922343,0.78
747,0.38939254930740225,-0.6709603773195569,0.567542936579267,0.05
748,-0.9573908311652243,-0.543216718464773,0.546950286901513,0.73
749,-1.0954451131776772,-0.4712977290644982,0.5614160509994733,0.87
750,-0.05893110742353567,-0.12818502211879418,0.6336230847354515,0.43
752,-1.2175191727623909,-0.2293785826570286,0.5929104304047171,0.97
754,0.006723313512003762,-1.3614014618807162,0.5974129025450874,0.02
755,-0.7549533329640181,-0.08963333910517056,0.5952150802316863,0.85
756,-0.5043672159839516,-0.8174986606015758,0.5317516196067037,0.26
757,0.3395346406819971,-0.9361811177060028,0.6423232091896233,0.01
758,0.5079274045401798,-0.5384760413703895,0.6374545111499771,0.05
759,-1.713469547128674,-0.7196820187637532,0.7366529229422178,0.9
761,-1.101603104668252,-1.2705840997481836,0.5954714493539052,0.39
762,-0.5980238815929999,-0.4292188268625874,0.5410877410189824,0.59
763,-0.7529441607857407,-0.5807792460261845,0.6314522490238095,0.61
764,1.548262602357093,-0.7036521115664991,0.5759983928087006,0.0
765,1.6733200526477918,-0.021351586595111213,0.6461632758028067,0.0
768,1.346042987120231,0.03519180381366762,0.6270135788739909,0.03
770,0.7952499913212201,-0.24435173493035456,0.6411086842163115,0.03
771,-0.6348460323309136,-0.7279991623627818,0.5955148298500373,0.47
773,-0.6732069344377632,-0.6338683493265004,0.6965822220997343,0.49
774,0.1734535696459314,-0.4544155737592223,0.6134185655932497,0.16
775,-1.2715000339065774,-0.6507512089366334,0.6033493115205996,0.86
776,1.286409651210072,0.06142276496759408,0.6212254899551924,0.04
777,-1.6674060810939415,-0.6546982512710338,0.6132497681911995,0.97
778,0.24053675134842525,-0.9909460072384217,0.621447858708498,0.02
779,-0.3274513985606208,-0.5261086955177734,0.6183661108711298,0.33
780,1.9943329469109805,-0.44062287699704866,0.6098784737017119,0.0
781,-0.1850136711863977,-0.10760526781941715,0.6029609925613353,0.5
784,1.2247448711592355,-0.09026106308565686,0.5609911642343446,0.0
785,1.2106234960196562,-0.17637530807934032,0.6155131395859297,0.03
786,-2.070460628094885,-0.10552187409784956,0.6107174054476795,0.99
787,0.9035590399779523,-0.5941690389482853,0.6355338266784968,0.0
788,-0.5950067060930275,-0.31343772692529775,0.6851963743737941,0.69
790,1.298609836232237,-0.4556446628071141,0.5604508366328368,0.0
791,0.021556893657924597,0.2519245062782091,0.6713662183061634,0.6
792,-0.33947150164402684,-0.19592639087985123,0.620765805862903,0.54
793,-2.500005751711406,0.23071182846434785,0.6875751792834556,1.0
795,-0.507960166832766,-0.3387426890859917,0.6369642594763537,0.62
797,-0.2792903457409037,0.45060197996307216,0.6112994239187105,0.88
798,-2.6145700102997123,0.23663416832408768,0.6493239186729638,1.0
799,1.7288075193651913,-0.7389777748694527,0.5856576285193724,0.0
800,-0.7831043583456411,-0.2541062961830993,0.6390888510224388,0.81
802,0.8814301410069124,-0.2439863004892888,0.5823799415574006,0.06
803,-1.844516440118205,-0.5560254320008805,0.6271158894535643,0.97
806,0.7553174387672429,-1.0945198888109733,0.6260376407803031,0.0
807,0.8839019882176462,0.18469806208508413,0.6184133797749316,0.11
808,-1.5131498236940097,-0.9149470867932802,0.6512280619376085,0.85
809,-0.38052066693612924,-0.20090601113859563,0.6174212785066621,0.63
810,2.303013777742904,-0.6335344569565361,0.5882399782677895,0.0
